case_id,sentence_id,token_id,token,start_char,end_char,original_form,normalized_form
PMC5137649_01,1,1,A,0,1,A,a
PMC5137649_01,1,2,44,2,4,44,44
PMC5137649_01,1,3,-,4,5,-,-
PMC5137649_01,1,4,year-old,5,13,year-old,year-old
PMC5137649_01,1,5,woman,14,19,woman,woman
PMC5137649_01,1,6,presented,20,29,presented,presented
PMC5137649_01,1,7,with,30,34,with,with
PMC5137649_01,1,8,a,35,36,a,a
PMC5137649_01,1,9,3,37,38,3,3
PMC5137649_01,1,10,-,38,39,-,-
PMC5137649_01,1,11,day,39,42,day,day
PMC5137649_01,1,12,history,43,50,history,history
PMC5137649_01,1,13,of,51,53,of,of
PMC5137649_01,1,14,right,54,59,right,right
PMC5137649_01,1,15,flank,60,65,flank,flank
PMC5137649_01,1,16,and,66,69,and,and
PMC5137649_01,1,17,lower,70,75,lower,lower
PMC5137649_01,1,18,quadrant,76,84,quadrant,quadrant
PMC5137649_01,1,19,abdominal,85,94,abdominal,abdominal
PMC5137649_01,1,20,pain,95,99,pain,pain
PMC5137649_01,1,21,associated,100,110,associated,associated
PMC5137649_01,1,22,with,111,115,with,with
PMC5137649_01,1,23,nausea,116,122,nausea,nausea
PMC5137649_01,1,24,and,123,126,and,and
PMC5137649_01,1,25,constipation,127,139,constipation,constipation
PMC5137649_01,1,26,.,139,140,.,.
PMC5137649_01,2,1,Her,141,144,Her,her
PMC5137649_01,2,2,past,145,149,past,past
PMC5137649_01,2,3,medical,150,157,medical,medical
PMC5137649_01,2,4,",",157,158,",",","
PMC5137649_01,2,5,family,159,165,family,family
PMC5137649_01,2,6,and,166,169,and,and
PMC5137649_01,2,7,medication,170,180,medication,medication
PMC5137649_01,2,8,history,181,188,history,history
PMC5137649_01,2,9,were,189,193,were,were
PMC5137649_01,2,10,otherwise,194,203,otherwise,otherwise
PMC5137649_01,2,11,non-contributory,204,220,non-contributory,non-contributory
PMC5137649_01,2,12,and,221,224,and,and
PMC5137649_01,2,13,her,225,228,her,her
PMC5137649_01,2,14,physical,229,237,physical,physical
PMC5137649_01,2,15,examination,238,249,examination,examination
PMC5137649_01,2,16,was,250,253,was,was
PMC5137649_01,2,17,unremarkable,254,266,unremarkable,unremarkable
PMC5137649_01,2,18,.,266,267,.,.
PMC5137649_01,3,1,She,268,271,She,she
PMC5137649_01,3,2,underwent,272,281,underwent,underwent
PMC5137649_01,3,3,contrast,282,290,contrast,contrast
PMC5137649_01,3,4,enhanced,291,299,enhanced,enhanced
PMC5137649_01,3,5,computed,300,308,computed,computed
PMC5137649_01,3,6,tomography,309,319,tomography,tomography
PMC5137649_01,3,7,",",319,320,",",","
PMC5137649_01,3,8,demonstrating,321,334,demonstrating,demonstrating
PMC5137649_01,3,9,a,335,336,a,a
PMC5137649_01,3,10,6cm,337,340,6cm,6cm
PMC5137649_01,3,11,cystic,341,347,cystic,cystic
PMC5137649_01,3,12,lesion,348,354,lesion,lesion
PMC5137649_01,3,13,between,355,362,between,between
PMC5137649_01,3,14,the,363,366,the,the
PMC5137649_01,3,15,stomach,367,374,stomach,stomach
PMC5137649_01,3,16,and,375,378,and,and
PMC5137649_01,3,17,body/tail,379,388,body/tail,body/tail
PMC5137649_01,3,18,of,389,391,of,of
PMC5137649_01,3,19,the,392,395,the,the
PMC5137649_01,3,20,pancreas,396,404,pancreas,pancreas
PMC5137649_01,3,21,(,405,406,(,(
PMC5137649_01,3,22,Fig,406,409,Fig,fig
PMC5137649_01,3,23,1,410,411,1,1
PMC5137649_01,3,24,),411,412,),)
PMC5137649_01,3,25,.,412,413,.,.
PMC5137649_01,4,1,She,414,417,She,she
PMC5137649_01,4,2,subsequently,418,430,subsequently,subsequently
PMC5137649_01,4,3,underwent,431,440,underwent,underwent
PMC5137649_01,4,4,EUS-FNA,441,448,EUS-FNA,eus-fna
PMC5137649_01,4,5,",",448,449,",",","
PMC5137649_01,4,6,which,450,455,which,which
PMC5137649_01,4,7,revealed,456,464,revealed,revealed
PMC5137649_01,4,8,normal,465,471,normal,normal
PMC5137649_01,4,9,pancreatic,472,482,pancreatic,pancreatic
PMC5137649_01,4,10,echotexture,483,494,echotexture,echotexture
PMC5137649_01,4,11,and,495,498,and,and
PMC5137649_01,4,12,a,499,500,a,a
PMC5137649_01,4,13,cyst,501,505,cyst,cyst
PMC5137649_01,4,14,measuring,506,515,measuring,measuring
PMC5137649_01,4,15,6cm,516,519,6cm,6cm
PMC5137649_01,4,16,x,520,521,x,x
PMC5137649_01,4,17,9cm,522,525,9cm,9cm
PMC5137649_01,4,18,that,526,530,that,that
PMC5137649_01,4,19,was,531,534,was,was
PMC5137649_01,4,20,free,535,539,free,free
PMC5137649_01,4,21,of,540,542,of,of
PMC5137649_01,4,22,internal,543,551,internal,internal
PMC5137649_01,4,23,septations,552,562,septations,septations
PMC5137649_01,4,24,or,563,565,or,or
PMC5137649_01,4,25,associated,566,576,associated,associated
PMC5137649_01,4,26,masses,577,583,masses,masses
PMC5137649_01,4,27,(,584,585,(,(
PMC5137649_01,4,28,Fig,585,588,Fig,fig
PMC5137649_01,4,29,2,589,590,2,2
PMC5137649_01,4,30,),590,591,),)
PMC5137649_01,4,31,but,592,595,but,but
PMC5137649_01,4,32,compressed,596,606,compressed,compressed
PMC5137649_01,4,33,the,607,610,the,the
PMC5137649_01,4,34,stomach,611,618,stomach,stomach
PMC5137649_01,4,35,.,618,619,.,.
PMC5137649_01,5,1,FNA,620,623,FNA,fna
PMC5137649_01,5,2,of,624,626,of,of
PMC5137649_01,5,3,the,627,630,the,the
PMC5137649_01,5,4,cyst,631,635,cyst,cyst
PMC5137649_01,5,5,demonstrated,636,648,demonstrated,demonstrated
PMC5137649_01,5,6,no,649,651,no,no
PMC5137649_01,5,7,evidence,652,660,evidence,evidence
PMC5137649_01,5,8,of,661,663,of,of
PMC5137649_01,5,9,malignancy,664,674,malignancy,malignancy
PMC5137649_01,5,10,but,675,678,but,but
PMC5137649_01,5,11,did,679,682,did,did
PMC5137649_01,5,12,show,683,687,show,show
PMC5137649_01,5,13,the,688,691,the,the
PMC5137649_01,5,14,presence,692,700,presence,presence
PMC5137649_01,5,15,of,701,703,of,of
PMC5137649_01,5,16,extracellular,704,717,extracellular,extracellular
PMC5137649_01,5,17,mucin,718,723,mucin,mucin
PMC5137649_01,5,18,as,724,726,as,as
PMC5137649_01,5,19,well,727,731,well,well
PMC5137649_01,5,20,as,732,734,as,as
PMC5137649_01,5,21,a,735,736,a,a
PMC5137649_01,5,22,carcinoembryonic,737,753,carcinoembryonic,carcinoembryonic
PMC5137649_01,5,23,antigen,754,761,antigen,antigen
PMC5137649_01,5,24,(,762,763,(,(
PMC5137649_01,5,25,CEA,763,766,CEA,cea
PMC5137649_01,5,26,),766,767,),)
PMC5137649_01,5,27,level,768,773,level,level
PMC5137649_01,5,28,of,774,776,of,of
PMC5137649_01,5,29,"12,476.5ng/ml",777,790,"12,476.5ng/ml","12,476.5ng/ml"
PMC5137649_01,5,30,and,791,794,and,and
PMC5137649_01,5,31,a,795,796,a,a
PMC5137649_01,5,32,carbohydrate,797,809,carbohydrate,carbohydrate
PMC5137649_01,5,33,antigen,810,817,antigen,antigen
PMC5137649_01,5,34,(,818,819,(,(
PMC5137649_01,5,35,CA,819,821,CA,ca
PMC5137649_01,5,36,),821,822,),)
PMC5137649_01,5,37,19-9,823,827,19-9,19-9
PMC5137649_01,5,38,level,828,833,level,level
PMC5137649_01,5,39,of,834,836,of,of
PMC5137649_01,5,40,6iu/ml,837,843,6iu/ml,6iu/ml
PMC5137649_01,5,41,",",843,844,",",","
PMC5137649_01,5,42,suggesting,845,855,suggesting,suggesting
PMC5137649_01,5,43,the,856,859,the,the
PMC5137649_01,5,44,diagnosis,860,869,diagnosis,diagnosis
PMC5137649_01,5,45,of,870,872,of,of
PMC5137649_01,5,46,a,873,874,a,a
PMC5137649_01,5,47,mucinous,875,883,mucinous,mucinous
PMC5137649_01,5,48,pancreatic,884,894,pancreatic,pancreatic
PMC5137649_01,5,49,cystic,895,901,cystic,cystic
PMC5137649_01,5,50,neoplasm,902,910,neoplasm,neoplasm
PMC5137649_01,5,51,.,910,911,.,.
PMC5137649_01,6,1,The,912,915,The,the
PMC5137649_01,6,2,patient,916,923,patient,patient
PMC5137649_01,6,3,was,924,927,was,was
PMC5137649_01,6,4,therefore,928,937,therefore,therefore
PMC5137649_01,6,5,referred,938,946,referred,referred
PMC5137649_01,6,6,for,947,950,for,for
PMC5137649_01,6,7,surgical,951,959,surgical,surgical
PMC5137649_01,6,8,resection,960,969,resection,resection
PMC5137649_01,6,9,.,969,970,.,.
PMC5137649_01,7,1,A,975,976,A,a
PMC5137649_01,7,2,laparoscopic,977,989,laparoscopic,laparoscopic
PMC5137649_01,7,3,distal,990,996,distal,distal
PMC5137649_01,7,4,pancreatectomy,997,1011,pancreatectomy,pancreatectomy
PMC5137649_01,7,5,was,1012,1015,was,was
PMC5137649_01,7,6,planned,1016,1023,planned,planned
PMC5137649_01,7,7,.,1023,1024,.,.
PMC5137649_01,8,1,At,1025,1027,At,at
PMC5137649_01,8,2,the,1028,1031,the,the
PMC5137649_01,8,3,time,1032,1036,time,time
PMC5137649_01,8,4,of,1037,1039,of,of
PMC5137649_01,8,5,the,1040,1043,the,the
PMC5137649_01,8,6,laparoscopic,1044,1056,laparoscopic,laparoscopic
PMC5137649_01,8,7,exploration,1057,1068,exploration,exploration
PMC5137649_01,8,8,",",1068,1069,",",","
PMC5137649_01,8,9,entrance,1070,1078,entrance,entrance
PMC5137649_01,8,10,to,1079,1081,to,to
PMC5137649_01,8,11,the,1082,1085,the,the
PMC5137649_01,8,12,lesser,1086,1092,lesser,lesser
PMC5137649_01,8,13,sac,1093,1096,sac,sac
PMC5137649_01,8,14,was,1097,1100,was,was
PMC5137649_01,8,15,first,1101,1106,first,first
PMC5137649_01,8,16,obtained,1107,1115,obtained,obtained
PMC5137649_01,8,17,and,1116,1119,and,and
PMC5137649_01,8,18,",",1119,1120,",",","
PMC5137649_01,8,19,on,1121,1123,on,on
PMC5137649_01,8,20,mobilising,1124,1134,mobilising,mobilising
PMC5137649_01,8,21,the,1135,1138,the,the
PMC5137649_01,8,22,posterior,1139,1148,posterior,posterior
PMC5137649_01,8,23,wall,1149,1153,wall,wall
PMC5137649_01,8,24,of,1154,1156,of,of
PMC5137649_01,8,25,the,1157,1160,the,the
PMC5137649_01,8,26,stomach,1161,1168,stomach,stomach
PMC5137649_01,8,27,",",1168,1169,",",","
PMC5137649_01,8,28,the,1170,1173,the,the
PMC5137649_01,8,29,lesion,1174,1180,lesion,lesion
PMC5137649_01,8,30,was,1181,1184,was,was
PMC5137649_01,8,31,noted,1185,1190,noted,noted
PMC5137649_01,8,32,to,1191,1193,to,to
PMC5137649_01,8,33,be,1194,1196,be,be
PMC5137649_01,8,34,tightly,1197,1204,tightly,tightly
PMC5137649_01,8,35,adherent,1205,1213,adherent,adherent
PMC5137649_01,8,36,to,1214,1216,to,to
PMC5137649_01,8,37,both,1217,1221,both,both
PMC5137649_01,8,38,the,1222,1225,the,the
PMC5137649_01,8,39,stomach,1226,1233,stomach,stomach
PMC5137649_01,8,40,and,1234,1237,and,and
PMC5137649_01,8,41,pancreas,1238,1246,pancreas,pancreas
PMC5137649_01,8,42,.,1246,1247,.,.
PMC5137649_01,9,1,The,1248,1251,The,the
PMC5137649_01,9,2,pancreas,1252,1260,pancreas,pancreas
PMC5137649_01,9,3,was,1261,1264,was,was
PMC5137649_01,9,4,mobilised,1265,1274,mobilised,mobilised
PMC5137649_01,9,5,free,1275,1279,free,free
PMC5137649_01,9,6,of,1280,1282,of,of
PMC5137649_01,9,7,the,1283,1286,the,the
PMC5137649_01,9,8,cyst,1287,1291,cyst,cyst
PMC5137649_01,9,9,and,1292,1295,and,and
PMC5137649_01,9,10,it,1296,1298,it,it
PMC5137649_01,9,11,was,1299,1302,was,was
PMC5137649_01,9,12,evident,1303,1310,evident,evident
PMC5137649_01,9,13,that,1311,1315,that,that
PMC5137649_01,9,14,the,1316,1319,the,the
PMC5137649_01,9,15,lesion,1320,1326,lesion,lesion
PMC5137649_01,9,16,originated,1327,1337,originated,originated
PMC5137649_01,9,17,from,1338,1342,from,from
PMC5137649_01,9,18,the,1343,1346,the,the
PMC5137649_01,9,19,stomach,1347,1354,stomach,stomach
PMC5137649_01,9,20,.,1354,1355,.,.
PMC5137649_01,10,1,Intraoperative,1356,1370,Intraoperative,intraoperative
PMC5137649_01,10,2,endoscopy,1371,1380,endoscopy,endoscopy
PMC5137649_01,10,3,was,1381,1384,was,was
PMC5137649_01,10,4,performed,1385,1394,performed,performed
PMC5137649_01,10,5,and,1395,1398,and,and
PMC5137649_01,10,6,no,1399,1401,no,no
PMC5137649_01,10,7,mucosal,1402,1409,mucosal,mucosal
PMC5137649_01,10,8,abnormalities,1410,1423,abnormalities,abnormalities
PMC5137649_01,10,9,of,1424,1426,of,of
PMC5137649_01,10,10,the,1427,1430,the,the
PMC5137649_01,10,11,stomach,1431,1438,stomach,stomach
PMC5137649_01,10,12,were,1439,1443,were,were
PMC5137649_01,10,13,noted,1444,1449,noted,noted
PMC5137649_01,10,14,.,1449,1450,.,.
PMC5137649_01,11,1,On,1452,1454,On,on
PMC5137649_01,11,2,further,1455,1462,further,further
PMC5137649_01,11,3,mobilisation,1463,1475,mobilisation,mobilisation
PMC5137649_01,11,4,",",1475,1476,",",","
PMC5137649_01,11,5,the,1477,1480,the,the
PMC5137649_01,11,6,cyst,1481,1485,cyst,cyst
PMC5137649_01,11,7,was,1486,1489,was,was
PMC5137649_01,11,8,adherent,1490,1498,adherent,adherent
PMC5137649_01,11,9,to,1499,1501,to,to
PMC5137649_01,11,10,the,1502,1505,the,the
PMC5137649_01,11,11,coeliac,1506,1513,coeliac,coeliac
PMC5137649_01,11,12,axis,1514,1518,axis,axis
PMC5137649_01,11,13,and,1519,1522,and,and
PMC5137649_01,11,14,the,1523,1526,the,the
PMC5137649_01,11,15,procedure,1527,1536,procedure,procedure
PMC5137649_01,11,16,was,1537,1540,was,was
PMC5137649_01,11,17,converted,1541,1550,converted,converted
PMC5137649_01,11,18,to,1551,1553,to,to
PMC5137649_01,11,19,an,1554,1556,an,an
PMC5137649_01,11,20,open,1557,1561,open,open
PMC5137649_01,11,21,resection,1562,1571,resection,resection
PMC5137649_01,11,22,.,1571,1572,.,.
PMC5137649_01,12,1,The,1573,1576,The,the
PMC5137649_01,12,2,stomach,1577,1584,stomach,stomach
PMC5137649_01,12,3,was,1585,1588,was,was
PMC5137649_01,12,4,fully,1589,1594,fully,fully
PMC5137649_01,12,5,mobilised,1595,1604,mobilised,mobilised
PMC5137649_01,12,6,and,1605,1608,and,and
PMC5137649_01,12,7,the,1609,1612,the,the
PMC5137649_01,12,8,gastric,1613,1620,gastric,gastric
PMC5137649_01,12,9,duplication,1621,1632,duplication,duplication
PMC5137649_01,12,10,cyst,1633,1637,cyst,cyst
PMC5137649_01,12,11,was,1638,1641,was,was
PMC5137649_01,12,12,noted,1642,1647,noted,noted
PMC5137649_01,12,13,to,1648,1650,to,to
PMC5137649_01,12,14,be,1651,1653,be,be
PMC5137649_01,12,15,arising,1654,1661,arising,arising
PMC5137649_01,12,16,from,1662,1666,from,from
PMC5137649_01,12,17,the,1667,1670,the,the
PMC5137649_01,12,18,posterior,1671,1680,posterior,posterior
PMC5137649_01,12,19,wall,1681,1685,wall,wall
PMC5137649_01,12,20,.,1685,1686,.,.
PMC5137649_01,13,1,It,1687,1689,It,it
PMC5137649_01,13,2,was,1690,1693,was,was
PMC5137649_01,13,3,dissected,1694,1703,dissected,dissected
PMC5137649_01,13,4,off,1704,1707,off,off
PMC5137649_01,13,5,the,1708,1711,the,the
PMC5137649_01,13,6,coeliac,1712,1719,coeliac,coeliac
PMC5137649_01,13,7,vessels,1720,1727,vessels,vessels
PMC5137649_01,13,8,and,1728,1731,and,and
PMC5137649_01,13,9,an,1732,1734,an,an
PMC5137649_01,13,10,enbloc,1735,1741,enbloc,enbloc
PMC5137649_01,13,11,resection,1742,1751,resection,resection
PMC5137649_01,13,12,of,1752,1754,of,of
PMC5137649_01,13,13,the,1755,1758,the,the
PMC5137649_01,13,14,cyst,1759,1763,cyst,cyst
PMC5137649_01,13,15,along,1764,1769,along,along
PMC5137649_01,13,16,with,1770,1774,with,with
PMC5137649_01,13,17,a,1775,1776,a,a
PMC5137649_01,13,18,portion,1777,1784,portion,portion
PMC5137649_01,13,19,of,1785,1787,of,of
PMC5137649_01,13,20,the,1788,1791,the,the
PMC5137649_01,13,21,posterior,1792,1801,posterior,posterior
PMC5137649_01,13,22,wall,1802,1806,wall,wall
PMC5137649_01,13,23,of,1807,1809,of,of
PMC5137649_01,13,24,the,1810,1813,the,the
PMC5137649_01,13,25,stomach,1814,1821,stomach,stomach
PMC5137649_01,13,26,with,1822,1826,with,with
PMC5137649_01,13,27,a,1827,1828,a,a
PMC5137649_01,13,28,surgical,1829,1837,surgical,surgical
PMC5137649_01,13,29,stapler,1838,1845,stapler,stapler
PMC5137649_01,13,30,was,1846,1849,was,was
PMC5137649_01,13,31,performed,1850,1859,performed,performed
PMC5137649_01,13,32,.,1859,1860,.,.
PMC5137649_01,14,1,Repeat,1861,1867,Repeat,repeat
PMC5137649_01,14,2,oesophagogastroduodenoscopy,1868,1895,oesophagogastroduodenoscopy,oesophagogastroduodenoscopy
PMC5137649_01,14,3,revealed,1896,1904,revealed,revealed
PMC5137649_01,14,4,the,1905,1908,the,the
PMC5137649_01,14,5,presence,1909,1917,presence,presence
PMC5137649_01,14,6,of,1918,1920,of,of
PMC5137649_01,14,7,an,1921,1923,an,an
PMC5137649_01,14,8,intact,1924,1930,intact,intact
PMC5137649_01,14,9,staple,1931,1937,staple,staple
PMC5137649_01,14,10,line,1938,1942,line,line
PMC5137649_01,14,11,on,1943,1945,on,on
PMC5137649_01,14,12,the,1946,1949,the,the
PMC5137649_01,14,13,posterior,1950,1959,posterior,posterior
PMC5137649_01,14,14,stomach,1960,1967,stomach,stomach
PMC5137649_01,14,15,wall,1968,1972,wall,wall
PMC5137649_01,14,16,and,1973,1976,and,and
PMC5137649_01,14,17,no,1977,1979,no,no
PMC5137649_01,14,18,evidence,1980,1988,evidence,evidence
PMC5137649_01,14,19,of,1989,1991,of,of
PMC5137649_01,14,20,bleeding,1992,2000,bleeding,bleeding
PMC5137649_01,14,21,or,2001,2003,or,or
PMC5137649_01,14,22,leak,2004,2008,leak,leak
PMC5137649_01,14,23,.,2008,2009,.,.
PMC5137649_01,15,1,The,2010,2013,The,the
PMC5137649_01,15,2,gross,2014,2019,gross,gross
PMC5137649_01,15,3,margins,2020,2027,margins,margins
PMC5137649_01,15,4,were,2028,2032,were,were
PMC5137649_01,15,5,uninvolved,2033,2043,uninvolved,uninvolved
PMC5137649_01,15,6,.,2043,2044,.,.
PMC5137649_01,16,1,Final,2046,2051,Final,final
PMC5137649_01,16,2,pathology,2052,2061,pathology,pathology
PMC5137649_01,16,3,revealed,2062,2070,revealed,revealed
PMC5137649_01,16,4,a,2071,2072,a,a
PMC5137649_01,16,5,9.5cm,2073,2078,9.5cm,9.5cm
PMC5137649_01,16,6,x,2079,2080,x,x
PMC5137649_01,16,7,4.5cm,2081,2086,4.5cm,4.5cm
PMC5137649_01,16,8,x,2087,2088,x,x
PMC5137649_01,16,9,2.0cm,2089,2094,2.0cm,2.0cm
PMC5137649_01,16,10,cyst,2095,2099,cyst,cyst
PMC5137649_01,16,11,with,2100,2104,with,with
PMC5137649_01,16,12,a,2105,2106,a,a
PMC5137649_01,16,13,smooth,2107,2113,smooth,smooth
PMC5137649_01,16,14,internal,2114,2122,internal,internal
PMC5137649_01,16,15,cyst,2123,2127,cyst,cyst
PMC5137649_01,16,16,wall,2128,2132,wall,wall
PMC5137649_01,16,17,consistent,2133,2143,consistent,consistent
PMC5137649_01,16,18,with,2144,2148,with,with
PMC5137649_01,16,19,a,2149,2150,a,a
PMC5137649_01,16,20,GDC,2151,2154,GDC,gdc
PMC5137649_01,16,21,(,2155,2156,(,(
PMC5137649_01,16,22,Figs,2156,2160,Figs,figs
PMC5137649_01,16,23,3-5,2161,2164,3-5,3-5
PMC5137649_01,16,24,),2164,2165,),)
PMC5137649_01,16,25,.,2165,2166,.,.
PMC5137649_01,17,1,The,2167,2170,The,the
PMC5137649_01,17,2,patient,2171,2178,patient,patient
PMC5137649_01,17,3,was,2179,2182,was,was
PMC5137649_01,17,4,discharged,2183,2193,discharged,discharged
PMC5137649_01,17,5,home,2194,2198,home,home
PMC5137649_01,17,6,on,2199,2201,on,on
PMC5137649_01,17,7,postoperative,2202,2215,postoperative,postoperative
PMC5137649_01,17,8,day,2216,2219,day,day
PMC5137649_01,17,9,4,2220,2221,4,4
PMC5137649_01,17,10,",",2221,2222,",",","
PMC5137649_01,17,11,doing,2223,2228,doing,doing
PMC5137649_01,17,12,well,2229,2233,well,well
PMC5137649_01,17,13,and,2234,2237,and,and
PMC5137649_01,17,14,tolerating,2238,2248,tolerating,tolerating
PMC5137649_01,17,15,a,2249,2250,a,a
PMC5137649_01,17,16,regular,2251,2258,regular,regular
PMC5137649_01,17,17,diet,2259,2263,diet,diet
PMC5137649_01,17,18,without,2264,2271,without,without
PMC5137649_01,17,19,any,2272,2275,any,any
PMC5137649_01,17,20,complications,2276,2289,complications,complications
PMC5137649_01,17,21,.,2289,2290,.,.
PMC5137649_01,18,1,On,2291,2293,On,on
PMC5137649_01,18,2,follow-up,2294,2303,follow-up,follow-up
PMC5137649_01,18,3,",",2303,2304,",",","
PMC5137649_01,18,4,she,2305,2308,she,she
PMC5137649_01,18,5,had,2309,2312,had,had
PMC5137649_01,18,6,complete,2313,2321,complete,complete
PMC5137649_01,18,7,resolution,2322,2332,resolution,resolution
PMC5137649_01,18,8,of,2333,2335,of,of
PMC5137649_01,18,9,her,2336,2339,her,her
PMC5137649_01,18,10,pain,2340,2344,pain,pain
PMC5137649_01,18,11,and,2345,2348,and,and
PMC5137649_01,18,12,nausea,2349,2355,nausea,nausea
PMC5137649_01,18,13,",",2355,2356,",",","
PMC5137649_01,18,14,and,2357,2360,and,and
PMC5137649_01,18,15,a,2361,2362,a,a
PMC5137649_01,18,16,return,2363,2369,return,return
PMC5137649_01,18,17,to,2370,2372,to,to
PMC5137649_01,18,18,regular,2373,2380,regular,regular
PMC5137649_01,18,19,bowel,2381,2386,bowel,bowel
PMC5137649_01,18,20,function,2387,2395,function,function
PMC5137649_01,18,21,and,2396,2399,and,and
PMC5137649_01,18,22,activity,2400,2408,activity,activity
PMC5137649_01,18,23,.,2408,2409,.,.
PMC11722600_01,1,1,A,0,1,A,a
PMC11722600_01,1,2,41,2,4,41,41
PMC11722600_01,1,3,-,4,5,-,-
PMC11722600_01,1,4,year-old,5,13,year-old,year-old
PMC11722600_01,1,5,female,14,20,female,female
PMC11722600_01,1,6,with,21,25,with,with
PMC11722600_01,1,7,a,26,27,a,a
PMC11722600_01,1,8,history,28,35,history,history
PMC11722600_01,1,9,of,36,38,of,of
PMC11722600_01,1,10,cesarean,39,47,cesarean,cesarean
PMC11722600_01,1,11,section,48,55,section,section
PMC11722600_01,1,12,presented,56,65,presented,presented
PMC11722600_01,1,13,to,66,68,to,to
PMC11722600_01,1,14,the,69,72,the,the
PMC11722600_01,1,15,emergency,73,82,emergency,emergency
PMC11722600_01,1,16,department,83,93,department,department
PMC11722600_01,1,17,with,94,98,with,with
PMC11722600_01,1,18,continuous,99,109,continuous,continuous
PMC11722600_01,1,19,abdominal,110,119,abdominal,abdominal
PMC11722600_01,1,20,pain,120,124,pain,pain
PMC11722600_01,1,21,for,125,128,for,for
PMC11722600_01,1,22,12,129,131,12,12
PMC11722600_01,1,23,h,132,133,h,h
PMC11722600_01,1,24,",",133,134,",",","
PMC11722600_01,1,25,localized,135,144,localized,localized
PMC11722600_01,1,26,in,145,147,in,in
PMC11722600_01,1,27,the,148,151,the,the
PMC11722600_01,1,28,right,152,157,right,right
PMC11722600_01,1,29,iliac,158,163,iliac,iliac
PMC11722600_01,1,30,fossa,164,169,fossa,fossa
PMC11722600_01,1,31,(,170,171,(,(
PMC11722600_01,1,32,RIF,171,174,RIF,rif
PMC11722600_01,1,33,),174,175,),)
PMC11722600_01,1,34,.,175,176,.,.
PMC11722600_01,2,1,She,177,180,She,she
PMC11722600_01,2,2,had,181,184,had,had
PMC11722600_01,2,3,no,185,187,no,no
PMC11722600_01,2,4,fever,188,193,fever,fever
PMC11722600_01,2,5,or,194,196,or,or
PMC11722600_01,2,6,genitourinary,197,210,genitourinary,genitourinary
PMC11722600_01,2,7,symptoms,211,219,symptoms,symptoms
PMC11722600_01,2,8,.,219,220,.,.
PMC11722600_01,3,1,She,221,224,She,she
PMC11722600_01,3,2,was,225,228,was,was
PMC11722600_01,3,3,on,229,231,on,on
PMC11722600_01,3,4,day,232,235,day,day
PMC11722600_01,3,5,20,236,238,20,20
PMC11722600_01,3,6,of,239,241,of,of
PMC11722600_01,3,7,her,242,245,her,her
PMC11722600_01,3,8,menstrual,246,255,menstrual,menstrual
PMC11722600_01,3,9,cycle,256,261,cycle,cycle
PMC11722600_01,3,10,",",261,262,",",","
PMC11722600_01,3,11,with,263,267,with,with
PMC11722600_01,3,12,regular,268,275,regular,regular
PMC11722600_01,3,13,monthly,276,283,monthly,monthly
PMC11722600_01,3,14,cycles,284,290,cycles,cycles
PMC11722600_01,3,15,.,290,291,.,.
PMC11722600_01,4,1,No,292,294,No,no
PMC11722600_01,4,2,dysmenorrhea,295,307,dysmenorrhea,dysmenorrhea
PMC11722600_01,4,3,or,308,310,or,or
PMC11722600_01,4,4,cyclical,311,319,cyclical,cyclical
PMC11722600_01,4,5,pelvic,320,326,pelvic,pelvic
PMC11722600_01,4,6,pain,327,331,pain,pain
PMC11722600_01,4,7,.,331,332,.,.
PMC11722600_01,5,1,Physical,334,342,Physical,physical
PMC11722600_01,5,2,examination,343,354,examination,examination
PMC11722600_01,5,3,revealed,355,363,revealed,revealed
PMC11722600_01,5,4,abdominal,364,373,abdominal,abdominal
PMC11722600_01,5,5,pain,374,378,pain,pain
PMC11722600_01,5,6,in,379,381,in,in
PMC11722600_01,5,7,RIF,382,385,RIF,rif
PMC11722600_01,5,8,",",385,386,",",","
PMC11722600_01,5,9,with,387,391,with,with
PMC11722600_01,5,10,localized,392,401,localized,localized
PMC11722600_01,5,11,tenderness,402,412,tenderness,tenderness
PMC11722600_01,5,12,in,413,415,in,in
PMC11722600_01,5,13,the,416,419,the,the
PMC11722600_01,5,14,RIF,420,423,RIF,rif
PMC11722600_01,5,15,but,424,427,but,but
PMC11722600_01,5,16,no,428,430,no,no
PMC11722600_01,5,17,rebound,431,438,rebound,rebound
PMC11722600_01,5,18,tenderness,439,449,tenderness,tenderness
PMC11722600_01,5,19,was,450,453,was,was
PMC11722600_01,5,20,found,454,459,found,found
PMC11722600_01,5,21,.,459,460,.,.
PMC11722600_01,6,1,McBurney's,461,471,McBurney's,mcburney's
PMC11722600_01,6,2,point,472,477,point,point
PMC11722600_01,6,3,was,478,481,was,was
PMC11722600_01,6,4,positive,482,490,positive,positive
PMC11722600_01,6,5,and,491,494,and,and
PMC11722600_01,6,6,the,495,498,the,the
PMC11722600_01,6,7,obturator,499,508,obturator,obturator
PMC11722600_01,6,8,sign,509,513,sign,sign
PMC11722600_01,6,9,was,514,517,was,was
PMC11722600_01,6,10,negative,518,526,negative,negative
PMC11722600_01,6,11,.,526,527,.,.
PMC11722600_01,7,1,Laboratory,529,539,Laboratory,laboratory
PMC11722600_01,7,2,results,540,547,results,results
PMC11722600_01,7,3,showed,548,554,showed,showed
PMC11722600_01,7,4,white,555,560,white,white
PMC11722600_01,7,5,blood,561,566,blood,blood
PMC11722600_01,7,6,cells,567,572,cells,cells
PMC11722600_01,7,7,at,573,575,at,at
PMC11722600_01,7,8,8800,576,580,8800,8800
PMC11722600_01,7,9,/,580,581,/,/
PMC11722600_01,7,10,mm,581,583,mm,mm
PMC11722600_01,7,11,3,583,584,3,3
PMC11722600_01,7,12,(,585,586,(,(
PMC11722600_01,7,13,normal,586,592,normal,normal
PMC11722600_01,7,14,range,593,598,range,range
PMC11722600_01,7,15,(,599,600,(,(
PMC11722600_01,7,16,NR,600,602,NR,nr
PMC11722600_01,7,17,),602,603,),)
PMC11722600_01,7,18,"3800-10,000",604,615,"3800-10,000","3800-10,000"
PMC11722600_01,7,19,/,615,616,/,/
PMC11722600_01,7,20,mm,616,618,mm,mm
PMC11722600_01,7,21,3,618,619,3,3
PMC11722600_01,7,22,),619,620,),)
PMC11722600_01,7,23,",",620,621,",",","
PMC11722600_01,7,24,C-reactive,622,632,C-reactive,c-reactive
PMC11722600_01,7,25,protein,633,640,protein,protein
PMC11722600_01,7,26,(,641,642,(,(
PMC11722600_01,7,27,CRP,642,645,CRP,crp
PMC11722600_01,7,28,),645,646,),)
PMC11722600_01,7,29,at,647,649,at,at
PMC11722600_01,7,30,55,650,652,55,55
PMC11722600_01,7,31,mg/L,653,657,mg/L,mg/l
PMC11722600_01,7,32,(,658,659,(,(
PMC11722600_01,7,33,NR,659,661,NR,nr
PMC11722600_01,7,34,<,662,663,<,<
PMC11722600_01,7,35,5,663,664,5,5
PMC11722600_01,7,36,mg/L,665,669,mg/L,mg/l
PMC11722600_01,7,37,),669,670,),)
PMC11722600_01,7,38,",",670,671,",",","
PMC11722600_01,7,39,erythrocyte,672,683,erythrocyte,erythrocyte
PMC11722600_01,7,40,sedimentation,684,697,sedimentation,sedimentation
PMC11722600_01,7,41,rate,698,702,rate,rate
PMC11722600_01,7,42,at,703,705,at,at
PMC11722600_01,7,43,29,706,708,29,29
PMC11722600_01,7,44,mm/h,709,713,mm/h,mm/h
PMC11722600_01,7,45,(,714,715,(,(
PMC11722600_01,7,46,NR,715,717,NR,nr
PMC11722600_01,7,47,3-20,718,722,3-20,3-20
PMC11722600_01,7,48,mm/h,723,727,mm/h,mm/h
PMC11722600_01,7,49,),727,728,),)
PMC11722600_01,7,50,",",728,729,",",","
PMC11722600_01,7,51,negative,730,738,negative,negative
PMC11722600_01,7,52,chorionic,739,748,chorionic,chorionic
PMC11722600_01,7,53,gonadotropin,749,761,gonadotropin,gonadotropin
PMC11722600_01,7,54,",",761,762,",",","
PMC11722600_01,7,55,and,763,766,and,and
PMC11722600_01,7,56,other,767,772,other,other
PMC11722600_01,7,57,values,773,779,values,values
PMC11722600_01,7,58,within,780,786,within,within
PMC11722600_01,7,59,normality,787,796,normality,normality
PMC11722600_01,7,60,.,796,797,.,.
PMC11722600_01,8,1,Abdominal,799,808,Abdominal,abdominal
PMC11722600_01,8,2,and,809,812,and,and
PMC11722600_01,8,3,pelvic,813,819,pelvic,pelvic
PMC11722600_01,8,4,ultrasound,820,830,ultrasound,ultrasound
PMC11722600_01,8,5,showed,831,837,showed,showed
PMC11722600_01,8,6,only,838,842,only,only
PMC11722600_01,8,7,free,843,847,free,free
PMC11722600_01,8,8,fluid,848,853,fluid,fluid
PMC11722600_01,8,9,in,854,856,in,in
PMC11722600_01,8,10,the,857,860,the,the
PMC11722600_01,8,11,Pouch,861,866,Pouch,pouch
PMC11722600_01,8,12,of,867,869,of,of
PMC11722600_01,8,13,Douglas,870,877,Douglas,douglas
PMC11722600_01,8,14,(,878,879,(,(
PMC11722600_01,8,15,POD,879,882,POD,pod
PMC11722600_01,8,16,),882,883,),)
PMC11722600_01,8,17,.,883,884,.,.
PMC11722600_01,9,1,Abdominal,885,894,Abdominal,abdominal
PMC11722600_01,9,2,CT,895,897,CT,ct
PMC11722600_01,9,3,with,898,902,with,with
PMC11722600_01,9,4,intravenous,903,914,intravenous,intravenous
PMC11722600_01,9,5,contrast,915,923,contrast,contrast
PMC11722600_01,9,6,(,924,925,(,(
PMC11722600_01,9,7,Image,925,930,Image,image
PMC11722600_01,9,8,1A,931,933,1A,1a
PMC11722600_01,9,9,",",933,934,",",","
PMC11722600_01,9,10,Image,935,940,Image,image
PMC11722600_01,9,11,1B,941,943,1B,1b
PMC11722600_01,9,12,),943,944,),)
PMC11722600_01,9,13,revealed,945,953,revealed,revealed
PMC11722600_01,9,14,an,954,956,an,an
PMC11722600_01,9,15,enlarged,957,965,enlarged,enlarged
PMC11722600_01,9,16,cecal,966,971,cecal,cecal
PMC11722600_01,9,17,appendix,972,980,appendix,appendix
PMC11722600_01,9,18,measuring,981,990,measuring,measuring
PMC11722600_01,9,19,8,991,992,8,8
PMC11722600_01,9,20,mm,993,995,mm,mm
PMC11722600_01,9,21,in,996,998,in,in
PMC11722600_01,9,22,thickness,999,1008,thickness,thickness
PMC11722600_01,9,23,with,1009,1013,with,with
PMC11722600_01,9,24,inflammatory,1014,1026,inflammatory,inflammatory
PMC11722600_01,9,25,changes,1027,1034,changes,changes
PMC11722600_01,9,26,",",1034,1035,",",","
PMC11722600_01,9,27,and,1036,1039,and,and
PMC11722600_01,9,28,an,1040,1042,an,an
PMC11722600_01,9,29,enlarged,1043,1051,enlarged,enlarged
PMC11722600_01,9,30,right,1052,1057,right,right
PMC11722600_01,9,31,ovary,1058,1063,ovary,ovary
PMC11722600_01,9,32,measuring,1064,1073,measuring,measuring
PMC11722600_01,9,33,4,1074,1075,4,4
PMC11722600_01,9,34,cm,1076,1078,cm,cm
PMC11722600_01,9,35,.,1078,1079,.,.
PMC11722600_01,10,1,Laparoscopic,1081,1093,Laparoscopic,laparoscopic
PMC11722600_01,10,2,exploration,1094,1105,exploration,exploration
PMC11722600_01,10,3,was,1106,1109,was,was
PMC11722600_01,10,4,decided,1110,1117,decided,decided
PMC11722600_01,10,5,",",1117,1118,",",","
PMC11722600_01,10,6,which,1119,1124,which,which
PMC11722600_01,10,7,revealed,1125,1133,revealed,revealed
PMC11722600_01,10,8,phlegmonous,1134,1145,phlegmonous,phlegmonous
PMC11722600_01,10,9,appendicitis,1146,1158,appendicitis,appendicitis
PMC11722600_01,10,10,without,1159,1166,without,without
PMC11722600_01,10,11,peritonitis,1167,1178,peritonitis,peritonitis
PMC11722600_01,10,12,",",1178,1179,",",","
PMC11722600_01,10,13,showing,1180,1187,showing,showing
PMC11722600_01,10,14,the,1188,1191,the,the
PMC11722600_01,10,15,appendix,1192,1200,appendix,appendix
PMC11722600_01,10,16,swollen,1201,1208,swollen,swollen
PMC11722600_01,10,17,",",1208,1209,",",","
PMC11722600_01,10,18,erythematous,1210,1222,erythematous,erythematous
PMC11722600_01,10,19,and,1223,1226,and,and
PMC11722600_01,10,20,thickened,1227,1236,thickened,thickened
PMC11722600_01,10,21,",",1236,1237,",",","
PMC11722600_01,10,22,with,1238,1242,with,with
PMC11722600_01,10,23,purulent,1243,1251,purulent,purulent
PMC11722600_01,10,24,material,1252,1260,material,material
PMC11722600_01,10,25,in,1261,1263,in,in
PMC11722600_01,10,26,the,1264,1267,the,the
PMC11722600_01,10,27,lumen,1268,1273,lumen,lumen
PMC11722600_01,10,28,and,1274,1277,and,and
PMC11722600_01,10,29,fibrinous,1278,1287,fibrinous,fibrinous
PMC11722600_01,10,30,exudates,1288,1296,exudates,exudates
PMC11722600_01,10,31,on,1297,1299,on,on
PMC11722600_01,10,32,the,1300,1303,the,the
PMC11722600_01,10,33,serial,1304,1310,serial,serial
PMC11722600_01,10,34,surface,1311,1318,surface,surface
PMC11722600_01,10,35,;,1318,1319,;,;
PMC11722600_01,10,36,and,1320,1323,and,and
PMC11722600_01,10,37,concurrent,1324,1334,concurrent,concurrent
PMC11722600_01,10,38,inflammatory,1335,1347,inflammatory,inflammatory
PMC11722600_01,10,39,congestion,1348,1358,congestion,congestion
PMC11722600_01,10,40,of,1359,1361,of,of
PMC11722600_01,10,41,the,1362,1365,the,the
PMC11722600_01,10,42,right,1366,1371,right,right
PMC11722600_01,10,43,fallopian,1372,1381,fallopian,fallopian
PMC11722600_01,10,44,tube,1382,1386,tube,tube
PMC11722600_01,10,45,.,1386,1387,.,.
PMC11722600_01,11,1,A,1388,1389,A,a
PMC11722600_01,11,2,laparoscopic,1390,1402,laparoscopic,laparoscopic
PMC11722600_01,11,3,appendectomy,1403,1415,appendectomy,appendectomy
PMC11722600_01,11,4,was,1416,1419,was,was
PMC11722600_01,11,5,performed,1420,1429,performed,performed
PMC11722600_01,11,6,successfully,1430,1442,successfully,successfully
PMC11722600_01,11,7,",",1442,1443,",",","
PMC11722600_01,11,8,and,1444,1447,and,and
PMC11722600_01,11,9,gynecology,1448,1458,gynecology,gynecology
PMC11722600_01,11,10,was,1459,1462,was,was
PMC11722600_01,11,11,consulted,1463,1472,consulted,consulted
PMC11722600_01,11,12,for,1473,1476,for,for
PMC11722600_01,11,13,a,1477,1478,a,a
PMC11722600_01,11,14,right,1479,1484,right,right
PMC11722600_01,11,15,salpingectomy,1485,1498,salpingectomy,salpingectomy
PMC11722600_01,11,16,due,1499,1502,due,due
PMC11722600_01,11,17,to,1503,1505,to,to
PMC11722600_01,11,18,the,1506,1509,the,the
PMC11722600_01,11,19,inflammatory,1510,1522,inflammatory,inflammatory
PMC11722600_01,11,20,process,1523,1530,process,process
PMC11722600_01,11,21,.,1530,1531,.,.
PMC11722600_01,12,1,No,1532,1534,No,no
PMC11722600_01,12,2,suggestive,1535,1545,suggestive,suggestive
PMC11722600_01,12,3,foci,1546,1550,foci,foci
PMC11722600_01,12,4,of,1551,1553,of,of
PMC11722600_01,12,5,gynecological,1554,1567,gynecological,gynecological
PMC11722600_01,12,6,or,1568,1570,or,or
PMC11722600_01,12,7,abdominal,1571,1580,abdominal,abdominal
PMC11722600_01,12,8,endometriosis,1581,1594,endometriosis,endometriosis
PMC11722600_01,12,9,were,1595,1599,were,were
PMC11722600_01,12,10,observed,1600,1608,observed,observed
PMC11722600_01,12,11,.,1608,1609,.,.
PMC11722600_01,13,1,The,1611,1614,The,the
PMC11722600_01,13,2,patient,1615,1622,patient,patient
PMC11722600_01,13,3,had,1623,1626,had,had
PMC11722600_01,13,4,an,1627,1629,an,an
PMC11722600_01,13,5,uneventful,1630,1640,uneventful,uneventful
PMC11722600_01,13,6,postoperative,1641,1654,postoperative,postoperative
PMC11722600_01,13,7,course,1655,1661,course,course
PMC11722600_01,13,8,and,1662,1665,and,and
PMC11722600_01,13,9,was,1666,1669,was,was
PMC11722600_01,13,10,discharged,1670,1680,discharged,discharged
PMC11722600_01,13,11,24,1681,1683,24,24
PMC11722600_01,13,12,h,1684,1685,h,h
PMC11722600_01,13,13,later,1686,1691,later,later
PMC11722600_01,13,14,.,1691,1692,.,.
PMC11722600_01,14,1,Histopathology,1694,1708,Histopathology,histopathology
PMC11722600_01,14,2,of,1709,1711,of,of
PMC11722600_01,14,3,the,1712,1715,the,the
PMC11722600_01,14,4,appendix,1716,1724,appendix,appendix
PMC11722600_01,14,5,describes,1725,1734,describes,describes
PMC11722600_01,14,6,the,1735,1738,the,the
PMC11722600_01,14,7,presence,1739,1747,presence,presence
PMC11722600_01,14,8,of,1748,1750,of,of
PMC11722600_01,14,9,ectopic,1751,1758,ectopic,ectopic
PMC11722600_01,14,10,endometrial,1759,1770,endometrial,endometrial
PMC11722600_01,14,11,stroma,1771,1777,stroma,stroma
PMC11722600_01,14,12,within,1778,1784,within,within
PMC11722600_01,14,13,the,1785,1788,the,the
PMC11722600_01,14,14,muscularis,1789,1799,muscularis,muscularis
PMC11722600_01,14,15,layer,1800,1805,layer,layer
PMC11722600_01,14,16,of,1806,1808,of,of
PMC11722600_01,14,17,the,1809,1812,the,the
PMC11722600_01,14,18,appendix,1813,1821,appendix,appendix
PMC11722600_01,14,19,",",1821,1822,",",","
PMC11722600_01,14,20,a,1823,1824,a,a
PMC11722600_01,14,21,hallmark,1825,1833,hallmark,hallmark
PMC11722600_01,14,22,of,1834,1836,of,of
PMC11722600_01,14,23,endometriosis,1837,1850,endometriosis,endometriosis
PMC11722600_01,14,24,;,1850,1851,;,;
PMC11722600_01,14,25,it,1852,1854,it,it
PMC11722600_01,14,26,revealedsigns,1855,1868,revealedsigns,revealedsigns
PMC11722600_01,14,27,of,1869,1871,of,of
PMC11722600_01,14,28,recent,1872,1878,recent,recent
PMC11722600_01,14,29,bleeding,1879,1887,bleeding,bleeding
PMC11722600_01,14,30,that,1888,1892,that,that
PMC11722600_01,14,31,suggests,1893,1901,suggests,suggests
PMC11722600_01,14,32,active,1902,1908,active,active
PMC11722600_01,14,33,involvement,1909,1920,involvement,involvement
PMC11722600_01,14,34,",",1920,1921,",",","
PMC11722600_01,14,35,consistent,1922,1932,consistent,consistent
PMC11722600_01,14,36,with,1933,1937,with,with
PMC11722600_01,14,37,one,1938,1941,one,one
PMC11722600_01,14,38,of,1942,1944,of,of
PMC11722600_01,14,39,the,1945,1948,the,the
PMC11722600_01,14,40,characteristic,1949,1963,characteristic,characteristic
PMC11722600_01,14,41,features,1964,1972,features,features
PMC11722600_01,14,42,of,1973,1975,of,of
PMC11722600_01,14,43,endometriotic,1976,1989,endometriotic,endometriotic
PMC11722600_01,14,44,tissue,1990,1996,tissue,tissue
PMC11722600_01,14,45,",",1996,1997,",",","
PMC11722600_01,14,46,which,1998,2003,which,which
PMC11722600_01,14,47,includes,2004,2012,includes,includes
PMC11722600_01,14,48,hemorrhage,2013,2023,hemorrhage,hemorrhage
PMC11722600_01,14,49,from,2024,2028,from,from
PMC11722600_01,14,50,ectopic,2029,2036,ectopic,ectopic
PMC11722600_01,14,51,endometrial,2037,2048,endometrial,endometrial
PMC11722600_01,14,52,glands,2049,2055,glands,glands
PMC11722600_01,14,53,and,2056,2059,and,and
PMC11722600_01,14,54,stroma,2060,2066,stroma,stroma
PMC11722600_01,14,55,;,2066,2067,;,;
PMC11722600_01,14,56,it,2068,2070,it,it
PMC11722600_01,14,57,also,2071,2075,also,also
PMC11722600_01,14,58,described,2076,2085,described,described
PMC11722600_01,14,59,endometrial,2086,2097,endometrial,endometrial
PMC11722600_01,14,60,stroma,2098,2104,stroma,stroma
PMC11722600_01,14,61,within,2105,2111,within,within
PMC11722600_01,14,62,the,2112,2115,the,the
PMC11722600_01,14,63,muscular,2116,2124,muscular,muscular
PMC11722600_01,14,64,layer,2125,2130,layer,layer
PMC11722600_01,14,65,(,2131,2132,(,(
PMC11722600_01,14,66,Image,2132,2137,Image,image
PMC11722600_01,14,67,2,2138,2139,2,2
PMC11722600_01,14,68,",",2139,2140,",",","
PMC11722600_01,14,69,Image,2141,2146,Image,image
PMC11722600_01,14,70,3,2147,2148,3,3
PMC11722600_01,14,71,",",2148,2149,",",","
PMC11722600_01,14,72,Image,2150,2155,Image,image
PMC11722600_01,14,73,4,2156,2157,4,4
PMC11722600_01,14,74,),2157,2158,),)
PMC11722600_01,14,75,.,2158,2159,.,.
PMC11722600_01,15,1,The,2160,2163,The,the
PMC11722600_01,15,2,fallopian,2164,2173,fallopian,fallopian
PMC11722600_01,15,3,tube,2174,2178,tube,tube
PMC11722600_01,15,4,histology,2179,2188,histology,histology
PMC11722600_01,15,5,showed,2189,2195,showed,showed
PMC11722600_01,15,6,endometrial,2196,2207,endometrial,endometrial
PMC11722600_01,15,7,glands,2208,2214,glands,glands
PMC11722600_01,15,8,and,2215,2218,and,and
PMC11722600_01,15,9,stroma,2219,2225,stroma,stroma
PMC11722600_01,15,10,",",2225,2226,",",","
PMC11722600_01,15,11,negative,2227,2235,negative,negative
PMC11722600_01,15,12,for,2236,2239,for,for
PMC11722600_01,15,13,malignancy,2240,2250,malignancy,malignancy
PMC11722600_01,15,14,.,2250,2251,.,.
PMC11722600_01,16,1,At,2253,2255,At,at
PMC11722600_01,16,2,6,2256,2257,6,6
PMC11722600_01,16,3,month,2258,2263,month,month
PMC11722600_01,16,4,follow-up,2264,2273,follow-up,follow-up
PMC11722600_01,16,5,",",2273,2274,",",","
PMC11722600_01,16,6,the,2275,2278,the,the
PMC11722600_01,16,7,patient,2279,2286,patient,patient
PMC11722600_01,16,8,remains,2287,2294,remains,remains
PMC11722600_01,16,9,asymptomatic,2295,2307,asymptomatic,asymptomatic
PMC11722600_01,16,10,with,2308,2312,with,with
PMC11722600_01,16,11,follow-up,2313,2322,follow-up,follow-up
PMC11722600_01,16,12,in,2323,2325,in,in
PMC11722600_01,16,13,gynecology,2326,2336,gynecology,gynecology
PMC11722600_01,16,14,.,2336,2337,.,.
PMC11783470_01,1,1,We,0,2,We,we
PMC11783470_01,1,2,are,3,6,are,are
PMC11783470_01,1,3,presenting,7,17,presenting,presenting
PMC11783470_01,1,4,a,18,19,a,a
PMC11783470_01,1,5,22,20,22,22,22
PMC11783470_01,1,6,-,22,23,-,-
PMC11783470_01,1,7,year-old,23,31,year-old,year-old
PMC11783470_01,1,8,woman,32,37,woman,woman
PMC11783470_01,1,9,with,38,42,with,with
PMC11783470_01,1,10,IDA,43,46,IDA,ida
PMC11783470_01,1,11,.,46,47,.,.
PMC11783470_01,2,1,Patient,48,55,Patient,patient
PMC11783470_01,2,2,denied,56,62,denied,denied
PMC11783470_01,2,3,menorrhagia,63,74,menorrhagia,menorrhagia
PMC11783470_01,2,4,or,75,77,or,or
PMC11783470_01,2,5,family,78,84,family,family
PMC11783470_01,2,6,history,85,92,history,history
PMC11783470_01,2,7,of,93,95,of,of
PMC11783470_01,2,8,gastrointestinal,96,112,gastrointestinal,gastrointestinal
PMC11783470_01,2,9,malignancy,113,123,malignancy,malignancy
PMC11783470_01,2,10,.,123,124,.,.
PMC11783470_01,3,1,She,125,128,She,she
PMC11783470_01,3,2,denied,129,135,denied,denied
PMC11783470_01,3,3,dysphagia,136,145,dysphagia,dysphagia
PMC11783470_01,3,4,",",145,146,",",","
PMC11783470_01,3,5,odynophagia,147,158,odynophagia,odynophagia
PMC11783470_01,3,6,",",158,159,",",","
PMC11783470_01,3,7,heartburn,160,169,heartburn,heartburn
PMC11783470_01,3,8,",",169,170,",",","
PMC11783470_01,3,9,nausea,171,177,nausea,nausea
PMC11783470_01,3,10,",",177,178,",",","
PMC11783470_01,3,11,vomiting,179,187,vomiting,vomiting
PMC11783470_01,3,12,",",187,188,",",","
PMC11783470_01,3,13,abdominal,189,198,abdominal,abdominal
PMC11783470_01,3,14,pain,199,203,pain,pain
PMC11783470_01,3,15,",",203,204,",",","
PMC11783470_01,3,16,altered,205,212,altered,altered
PMC11783470_01,3,17,bowel,213,218,bowel,bowel
PMC11783470_01,3,18,habits,219,225,habits,habits
PMC11783470_01,3,19,",",225,226,",",","
PMC11783470_01,3,20,melena,227,233,melena,melena
PMC11783470_01,3,21,",",233,234,",",","
PMC11783470_01,3,22,hematochezia,235,247,hematochezia,hematochezia
PMC11783470_01,3,23,",",247,248,",",","
PMC11783470_01,3,24,and,249,252,and,and
PMC11783470_01,3,25,unintentional,253,266,unintentional,unintentional
PMC11783470_01,3,26,weight,267,273,weight,weight
PMC11783470_01,3,27,loss,274,278,loss,loss
PMC11783470_01,3,28,.,278,279,.,.
PMC11783470_01,4,1,Vitals,280,286,Vitals,vitals
PMC11783470_01,4,2,signs,287,292,signs,signs
PMC11783470_01,4,3,were,293,297,were,were
PMC11783470_01,4,4,normal,298,304,normal,normal
PMC11783470_01,4,5,.,304,305,.,.
PMC11783470_01,5,1,Physical,306,314,Physical,physical
PMC11783470_01,5,2,examination,315,326,examination,examination
PMC11783470_01,5,3,was,327,330,was,was
PMC11783470_01,5,4,unrevealing,331,342,unrevealing,unrevealing
PMC11783470_01,5,5,with,343,347,with,with
PMC11783470_01,5,6,the,348,351,the,the
PMC11783470_01,5,7,exception,352,361,exception,exception
PMC11783470_01,5,8,of,362,364,of,of
PMC11783470_01,5,9,mild,365,369,mild,mild
PMC11783470_01,5,10,conjunctival,370,382,conjunctival,conjunctival
PMC11783470_01,5,11,pallor,383,389,pallor,pallor
PMC11783470_01,5,12,.,389,390,.,.
PMC11783470_01,6,1,Laboratory,391,401,Laboratory,laboratory
PMC11783470_01,6,2,data,402,406,data,data
PMC11783470_01,6,3,:,406,407,:,:
PMC11783470_01,6,4,hemoglobin,408,418,hemoglobin,hemoglobin
PMC11783470_01,6,5,11.5,419,423,11.5,11.5
PMC11783470_01,6,6,g/dL,424,428,g/dL,g/dl
PMC11783470_01,6,7,",",428,429,",",","
PMC11783470_01,6,8,transferrin,430,441,transferrin,transferrin
PMC11783470_01,6,9,saturation,442,452,saturation,saturation
PMC11783470_01,6,10,12.8%,453,458,12.8%,12.8%
PMC11783470_01,6,11,",",458,459,",",","
PMC11783470_01,6,12,ferritin,460,468,ferritin,ferritin
PMC11783470_01,6,13,200,469,472,200,200
PMC11783470_01,6,14,ng/mL,473,478,ng/mL,ng/ml
PMC11783470_01,6,15,",",478,479,",",","
PMC11783470_01,6,16,and,480,483,and,and
PMC11783470_01,6,17,iron,484,488,iron,iron
PMC11783470_01,6,18,76,489,491,76,76
PMC11783470_01,6,19,mcg/dL,492,498,mcg/dL,mcg/dl
PMC11783470_01,6,20,.,498,499,.,.
PMC11783470_01,7,1,Despite,501,508,Despite,despite
PMC11783470_01,7,2,the,509,512,the,the
PMC11783470_01,7,3,normal,513,519,normal,normal
PMC11783470_01,7,4,ferritin,520,528,ferritin,ferritin
PMC11783470_01,7,5,level,529,534,level,level
PMC11783470_01,7,6,",",534,535,",",","
PMC11783470_01,7,7,the,536,539,the,the
PMC11783470_01,7,8,low,540,543,low,low
PMC11783470_01,7,9,transferrin,544,555,transferrin,transferrin
PMC11783470_01,7,10,saturation,556,566,saturation,saturation
PMC11783470_01,7,11,<,567,568,<,<
PMC11783470_01,7,12,20%,568,571,20%,20%
PMC11783470_01,7,13,was,572,575,was,was
PMC11783470_01,7,14,in,576,578,in,in
PMC11783470_01,7,15,favor,579,584,favor,favor
PMC11783470_01,7,16,of,585,587,of,of
PMC11783470_01,7,17,iron,588,592,iron,iron
PMC11783470_01,7,18,deficiency,593,603,deficiency,deficiency
PMC11783470_01,7,19,and,604,607,and,and
PMC11783470_01,7,20,the,608,611,the,the
PMC11783470_01,7,21,patient,612,619,patient,patient
PMC11783470_01,7,22,underwent,620,629,underwent,underwent
PMC11783470_01,7,23,esophagogastroduodenoscopy,630,656,esophagogastroduodenoscopy,esophagogastroduodenoscopy
PMC11783470_01,7,24,(,657,658,(,(
PMC11783470_01,7,25,EGD,658,661,EGD,egd
PMC11783470_01,7,26,),661,662,),)
PMC11783470_01,7,27,and,663,666,and,and
PMC11783470_01,7,28,colonoscopy,667,678,colonoscopy,colonoscopy
PMC11783470_01,7,29,at,679,681,at,at
PMC11783470_01,7,30,a,682,683,a,a
PMC11783470_01,7,31,different,684,693,different,different
PMC11783470_01,7,32,institution,694,705,institution,institution
PMC11783470_01,7,33,for,706,709,for,for
PMC11783470_01,7,34,evaluation,710,720,evaluation,evaluation
PMC11783470_01,7,35,of,721,723,of,of
PMC11783470_01,7,36,IDA,724,727,IDA,ida
PMC11783470_01,7,37,.,727,728,.,.
PMC11783470_01,8,1,A,729,730,A,a
PMC11783470_01,8,2,7,731,732,7,7
PMC11783470_01,8,3,-,732,733,-,-
PMC11783470_01,8,4,mm,733,735,mm,mm
PMC11783470_01,8,5,fundic,736,742,fundic,fundic
PMC11783470_01,8,6,lesion,743,749,lesion,lesion
PMC11783470_01,8,7,was,750,753,was,was
PMC11783470_01,8,8,identified,754,764,identified,identified
PMC11783470_01,8,9,during,765,771,during,during
PMC11783470_01,8,10,EGD,772,775,EGD,egd
PMC11783470_01,8,11,;,775,776,;,;
PMC11783470_01,8,12,the,777,780,the,the
PMC11783470_01,8,13,lesion,781,787,lesion,lesion
PMC11783470_01,8,14,was,788,791,was,was
PMC11783470_01,8,15,biopsied,792,800,biopsied,biopsied
PMC11783470_01,8,16,and,801,804,and,and
PMC11783470_01,8,17,2,805,806,2,2
PMC11783470_01,8,18,hemostatic,807,817,hemostatic,hemostatic
PMC11783470_01,8,19,clips,818,823,clips,clips
PMC11783470_01,8,20,were,824,828,were,were
PMC11783470_01,8,21,placed,829,835,placed,placed
PMC11783470_01,8,22,due,836,839,due,due
PMC11783470_01,8,23,to,840,842,to,to
PMC11783470_01,8,24,oozing,843,849,oozing,oozing
PMC11783470_01,8,25,at,850,852,at,at
PMC11783470_01,8,26,the,853,856,the,the
PMC11783470_01,8,27,biopsy,857,863,biopsy,biopsy
PMC11783470_01,8,28,site,864,868,site,site
PMC11783470_01,8,29,(,869,870,(,(
PMC11783470_01,8,30,Image,870,875,Image,image
PMC11783470_01,8,31,1,876,877,1,1
PMC11783470_01,8,32,),877,878,),)
PMC11783470_01,8,33,.,878,879,.,.
PMC11783470_01,9,1,Biopsy,880,886,Biopsy,biopsy
PMC11783470_01,9,2,of,887,889,of,of
PMC11783470_01,9,3,the,890,893,the,the
PMC11783470_01,9,4,gastric,894,901,gastric,gastric
PMC11783470_01,9,5,lesion,902,908,lesion,lesion
PMC11783470_01,9,6,demonstrated,909,921,demonstrated,demonstrated
PMC11783470_01,9,7,well-circumscribed,922,940,well-circumscribed,well-circumscribed
PMC11783470_01,9,8,proliferation,941,954,proliferation,proliferation
PMC11783470_01,9,9,of,955,957,of,of
PMC11783470_01,9,10,chief,958,963,chief,chief
PMC11783470_01,9,11,cells,964,969,cells,cells
PMC11783470_01,9,12,arranged,970,978,arranged,arranged
PMC11783470_01,9,13,in,979,981,in,in
PMC11783470_01,9,14,small,982,987,small,small
PMC11783470_01,9,15,",",987,988,",",","
PMC11783470_01,9,16,tight,989,994,tight,tight
PMC11783470_01,9,17,tubules,995,1002,tubules,tubules
PMC11783470_01,9,18,",",1002,1003,",",","
PMC11783470_01,9,19,consistent,1004,1014,consistent,consistent
PMC11783470_01,9,20,with,1015,1019,with,with
PMC11783470_01,9,21,an,1020,1022,an,an
PMC11783470_01,9,22,OGA,1023,1026,OGA,oga
PMC11783470_01,9,23,.,1026,1027,.,.
PMC11783470_01,10,1,Of,1028,1030,Of,of
PMC11783470_01,10,2,note,1031,1035,note,note
PMC11783470_01,10,3,",",1035,1036,",",","
PMC11783470_01,10,4,duodenal,1037,1045,duodenal,duodenal
PMC11783470_01,10,5,biopsies,1046,1054,biopsies,biopsies
PMC11783470_01,10,6,did,1055,1058,did,did
PMC11783470_01,10,7,not,1059,1062,not,not
PMC11783470_01,10,8,show,1063,1067,show,show
PMC11783470_01,10,9,features,1068,1076,features,features
PMC11783470_01,10,10,of,1077,1079,of,of
PMC11783470_01,10,11,celiac,1080,1086,celiac,celiac
PMC11783470_01,10,12,disease,1087,1094,disease,disease
PMC11783470_01,10,13,",",1094,1095,",",","
PMC11783470_01,10,14,and,1096,1099,and,and
PMC11783470_01,10,15,ileocolonoscopy,1100,1115,ileocolonoscopy,ileocolonoscopy
PMC11783470_01,10,16,did,1116,1119,did,did
PMC11783470_01,10,17,not,1120,1123,not,not
PMC11783470_01,10,18,identify,1124,1132,identify,identify
PMC11783470_01,10,19,any,1133,1136,any,any
PMC11783470_01,10,20,bleeding,1137,1145,bleeding,bleeding
PMC11783470_01,10,21,source,1146,1152,source,source
PMC11783470_01,10,22,.,1152,1153,.,.
PMC11783470_01,11,1,Following,1154,1163,Following,following
PMC11783470_01,11,2,the,1164,1167,the,the
PMC11783470_01,11,3,identification,1168,1182,identification,identification
PMC11783470_01,11,4,of,1183,1185,of,of
PMC11783470_01,11,5,the,1186,1189,the,the
PMC11783470_01,11,6,OGA,1190,1193,OGA,oga
PMC11783470_01,11,7,",",1193,1194,",",","
PMC11783470_01,11,8,the,1195,1198,the,the
PMC11783470_01,11,9,patient,1199,1206,patient,patient
PMC11783470_01,11,10,was,1207,1210,was,was
PMC11783470_01,11,11,referred,1211,1219,referred,referred
PMC11783470_01,11,12,for,1220,1223,for,for
PMC11783470_01,11,13,endoscopic,1224,1234,endoscopic,endoscopic
PMC11783470_01,11,14,removal,1235,1242,removal,removal
PMC11783470_01,11,15,.,1242,1243,.,.
PMC11783470_01,12,1,Patient,1244,1251,Patient,patient
PMC11783470_01,12,2,underwent,1252,1261,underwent,underwent
PMC11783470_01,12,3,repeat,1262,1268,repeat,repeat
PMC11783470_01,12,4,EGD,1269,1272,EGD,egd
PMC11783470_01,12,5,and,1273,1276,and,and
PMC11783470_01,12,6,endoscopic,1277,1287,endoscopic,endoscopic
PMC11783470_01,12,7,resection,1288,1297,resection,resection
PMC11783470_01,12,8,was,1298,1301,was,was
PMC11783470_01,12,9,performed,1302,1311,performed,performed
PMC11783470_01,12,10,successfully,1312,1324,successfully,successfully
PMC11783470_01,12,11,.,1324,1325,.,.
PMC11783470_01,13,1,The,1326,1329,The,the
PMC11783470_01,13,2,excised,1330,1337,excised,excised
PMC11783470_01,13,3,specimen,1338,1346,specimen,specimen
PMC11783470_01,13,4,was,1347,1350,was,was
PMC11783470_01,13,5,consistent,1351,1361,consistent,consistent
PMC11783470_01,13,6,with,1362,1366,with,with
PMC11783470_01,13,7,the,1367,1370,the,the
PMC11783470_01,13,8,known,1371,1376,known,known
PMC11783470_01,13,9,diagnosis,1377,1386,diagnosis,diagnosis
PMC11783470_01,13,10,of,1387,1389,of,of
PMC11783470_01,13,11,OGA,1390,1393,OGA,oga
PMC11783470_01,13,12,(,1394,1395,(,(
PMC11783470_01,13,13,Image,1395,1400,Image,image
PMC11783470_01,13,14,2,1401,1402,2,2
PMC11783470_01,13,15,),1402,1403,),)
PMC11783470_01,13,16,.,1403,1404,.,.
PMC11783470_01,14,1,Given,1405,1410,Given,given
PMC11783470_01,14,2,the,1411,1414,the,the
PMC11783470_01,14,3,absence,1415,1422,absence,absence
PMC11783470_01,14,4,of,1423,1425,of,of
PMC11783470_01,14,5,menorrhagia,1426,1437,menorrhagia,menorrhagia
PMC11783470_01,14,6,and,1438,1441,and,and
PMC11783470_01,14,7,negative,1442,1450,negative,negative
PMC11783470_01,14,8,bidirectional,1451,1464,bidirectional,bidirectional
PMC11783470_01,14,9,endoscopy,1465,1474,endoscopy,endoscopy
PMC11783470_01,14,10,",",1474,1475,",",","
PMC11783470_01,14,11,the,1476,1479,the,the
PMC11783470_01,14,12,patient,1480,1487,patient,patient
PMC11783470_01,14,13,was,1488,1491,was,was
PMC11783470_01,14,14,advised,1492,1499,advised,advised
PMC11783470_01,14,15,to,1500,1502,to,to
PMC11783470_01,14,16,follow,1503,1509,follow,follow
PMC11783470_01,14,17,up,1510,1512,up,up
PMC11783470_01,14,18,at,1513,1515,at,at
PMC11783470_01,14,19,the,1516,1519,the,the
PMC11783470_01,14,20,gastroenterology,1520,1536,gastroenterology,gastroenterology
PMC11783470_01,14,21,clinic,1537,1543,clinic,clinic
PMC11783470_01,14,22,and,1544,1547,and,and
PMC11783470_01,14,23,discuss,1548,1555,discuss,discuss
PMC11783470_01,14,24,video,1556,1561,video,video
PMC11783470_01,14,25,capsule,1562,1569,capsule,capsule
PMC11783470_01,14,26,endoscopy,1570,1579,endoscopy,endoscopy
PMC11783470_01,14,27,to,1580,1582,to,to
PMC11783470_01,14,28,exclude,1583,1590,exclude,exclude
PMC11783470_01,14,29,small,1591,1596,small,small
PMC11783470_01,14,30,intestinal,1597,1607,intestinal,intestinal
PMC11783470_01,14,31,causes,1608,1614,causes,causes
PMC11783470_01,14,32,of,1615,1617,of,of
PMC11783470_01,14,33,anemia,1618,1624,anemia,anemia
PMC11783470_01,14,34,.,1624,1625,.,.
PMC11783470_01,15,1,Patient,1626,1633,Patient,patient
PMC11783470_01,15,2,underwent,1634,1643,underwent,underwent
PMC11783470_01,15,3,repeat,1644,1650,repeat,repeat
PMC11783470_01,15,4,EGD,1651,1654,EGD,egd
PMC11783470_01,15,5,after,1655,1660,after,after
PMC11783470_01,15,6,3,1661,1662,3,3
PMC11783470_01,15,7,months,1663,1669,months,months
PMC11783470_01,15,8,",",1669,1670,",",","
PMC11783470_01,15,9,and,1671,1674,and,and
PMC11783470_01,15,10,no,1675,1677,no,no
PMC11783470_01,15,11,evidence,1678,1686,evidence,evidence
PMC11783470_01,15,12,of,1687,1689,of,of
PMC11783470_01,15,13,recurrence,1690,1700,recurrence,recurrence
PMC11783470_01,15,14,of,1701,1703,of,of
PMC11783470_01,15,15,the,1704,1707,the,the
PMC11783470_01,15,16,OGA,1708,1711,OGA,oga
PMC11783470_01,15,17,was,1712,1715,was,was
PMC11783470_01,15,18,found,1716,1721,found,found
PMC11783470_01,15,19,.,1721,1722,.,.
PMC2817501_01,1,1,A-53-year,0,9,A-53-year,a-53-year
PMC2817501_01,1,2,old,10,13,old,old
PMC2817501_01,1,3,man,14,17,man,man
PMC2817501_01,1,4,admitted,18,26,admitted,admitted
PMC2817501_01,1,5,to,27,29,to,to
PMC2817501_01,1,6,our,30,33,our,our
PMC2817501_01,1,7,institution,34,45,institution,institution
PMC2817501_01,1,8,with,46,50,with,with
PMC2817501_01,1,9,exertional,51,61,exertional,exertional
PMC2817501_01,1,10,dyspnea,62,69,dyspnea,dyspnea
PMC2817501_01,1,11,and,70,73,and,and
PMC2817501_01,1,12,angina,74,80,angina,angina
PMC2817501_01,1,13,.,80,81,.,.
PMC2817501_01,2,1,He,82,84,He,he
PMC2817501_01,2,2,had,85,88,had,had
PMC2817501_01,2,3,had,89,92,had,had
PMC2817501_01,2,4,aortic,93,99,aortic,aortic
PMC2817501_01,2,5,valve,100,105,valve,valve
PMC2817501_01,2,6,replacement,106,117,replacement,replacement
PMC2817501_01,2,7,with,118,122,with,with
PMC2817501_01,2,8,Starr-Edwards,123,136,Starr-Edwards,starr-edwards
PMC2817501_01,2,9,2320,137,141,2320,2320
PMC2817501_01,2,10,model,142,147,model,model
PMC2817501_01,2,11,caged,148,153,caged,caged
PMC2817501_01,2,12,ball,154,158,ball,ball
PMC2817501_01,2,13,mechanical,159,169,mechanical,mechanical
PMC2817501_01,2,14,valve,170,175,valve,valve
PMC2817501_01,2,15,prosthesis,176,186,prosthesis,prosthesis
PMC2817501_01,2,16,in,187,189,in,in
PMC2817501_01,2,17,1974,190,194,1974,1974
PMC2817501_01,2,18,and,195,198,and,and
PMC2817501_01,2,19,suffered,199,207,suffered,suffered
PMC2817501_01,2,20,a,208,209,a,a
PMC2817501_01,2,21,thromboembolic,210,224,thromboembolic,thromboembolic
PMC2817501_01,2,22,serebrovascular,225,240,serebrovascular,serebrovascular
PMC2817501_01,2,23,accident,241,249,accident,accident
PMC2817501_01,2,24,two,250,253,two,two
PMC2817501_01,2,25,years,254,259,years,years
PMC2817501_01,2,26,ago,260,263,ago,ago
PMC2817501_01,2,27,.,263,264,.,.
PMC2817501_01,3,1,His,265,268,His,his
PMC2817501_01,3,2,physical,269,277,physical,physical
PMC2817501_01,3,3,examination,278,289,examination,examination
PMC2817501_01,3,4,revealed,290,298,revealed,revealed
PMC2817501_01,3,5,left,299,303,left,left
PMC2817501_01,3,6,hemiparesis,304,315,hemiparesis,hemiparesis
PMC2817501_01,3,7,with,316,320,with,with
PMC2817501_01,3,8,blood,321,326,blood,blood
PMC2817501_01,3,9,pressure,327,335,pressure,pressure
PMC2817501_01,3,10,120,336,339,120,120
PMC2817501_01,3,11,/,339,340,/,/
PMC2817501_01,3,12,80,340,342,80,80
PMC2817501_01,3,13,mmHg,343,347,mmHg,mmhg
PMC2817501_01,3,14,",",347,348,",",","
PMC2817501_01,3,15,heart,349,354,heart,heart
PMC2817501_01,3,16,rate,355,359,rate,rate
PMC2817501_01,3,17,92,360,362,92,92
PMC2817501_01,3,18,beats/min,363,372,beats/min,beats/min
PMC2817501_01,3,19,and,373,376,and,and
PMC2817501_01,3,20,regular,377,384,regular,regular
PMC2817501_01,3,21,.,384,385,.,.
PMC2817501_01,4,1,Cardiac,386,393,Cardiac,cardiac
PMC2817501_01,4,2,auscultation,394,406,auscultation,auscultation
PMC2817501_01,4,3,revealed,407,415,revealed,revealed
PMC2817501_01,4,4,a,416,417,a,a
PMC2817501_01,4,5,4,418,419,4,4
PMC2817501_01,4,6,/,419,420,/,/
PMC2817501_01,4,7,6,420,421,6,6
PMC2817501_01,4,8,systolic,422,430,systolic,systolic
PMC2817501_01,4,9,murmur,431,437,murmur,murmur
PMC2817501_01,4,10,and,438,441,and,and
PMC2817501_01,4,11,rales,442,447,rales,rales
PMC2817501_01,4,12,were,448,452,were,were
PMC2817501_01,4,13,heard,453,458,heard,heard
PMC2817501_01,4,14,at,459,461,at,at
PMC2817501_01,4,15,the,462,465,the,the
PMC2817501_01,4,16,base,466,470,base,base
PMC2817501_01,4,17,of,471,473,of,of
PMC2817501_01,4,18,the,474,477,the,the
PMC2817501_01,4,19,lungs,478,483,lungs,lungs
PMC2817501_01,4,20,.,483,484,.,.
PMC2817501_01,5,1,Transesophageal,485,500,Transesophageal,transesophageal
PMC2817501_01,5,2,echocardiography,501,517,echocardiography,echocardiography
PMC2817501_01,5,3,showed,518,524,showed,showed
PMC2817501_01,5,4,a,525,526,a,a
PMC2817501_01,5,5,functioning,527,538,functioning,functioning
PMC2817501_01,5,6,Starr-Edwards,539,552,Starr-Edwards,starr-edwards
PMC2817501_01,5,7,caged,553,558,caged,caged
PMC2817501_01,5,8,ball,559,563,ball,ball
PMC2817501_01,5,9,mechanical,564,574,mechanical,mechanical
PMC2817501_01,5,10,prosthesis,575,585,prosthesis,prosthesis
PMC2817501_01,5,11,with,586,590,with,with
PMC2817501_01,5,12,30,591,593,30,30
PMC2817501_01,5,13,mmHg,594,598,mmHg,mmhg
PMC2817501_01,5,14,gradient,599,607,gradient,gradient
PMC2817501_01,5,15,and,608,611,and,and
PMC2817501_01,5,16,rheumatic,612,621,rheumatic,rheumatic
PMC2817501_01,5,17,mitral,622,628,mitral,mitral
PMC2817501_01,5,18,valve,629,634,valve,valve
PMC2817501_01,5,19,disease,635,642,disease,disease
PMC2817501_01,5,20,with,643,647,with,with
PMC2817501_01,5,21,peak,648,652,peak,peak
PMC2817501_01,5,22,transmitral,653,664,transmitral,transmitral
PMC2817501_01,5,23,gradient,665,673,gradient,gradient
PMC2817501_01,5,24,of,674,676,of,of
PMC2817501_01,5,25,20,677,679,20,20
PMC2817501_01,5,26,mmHg,680,684,mmHg,mmhg
PMC2817501_01,5,27,and,685,688,and,and
PMC2817501_01,5,28,valve,689,694,valve,valve
PMC2817501_01,5,29,area,695,699,area,area
PMC2817501_01,5,30,1.8,700,703,1.8,1.8
PMC2817501_01,5,31,cm,704,706,cm,cm
PMC2817501_01,5,32,2,706,707,2,2
PMC2817501_01,5,33,and,708,711,and,and
PMC2817501_01,5,34,3-4,712,715,3-4,3-4
PMC2817501_01,5,35,degree,716,722,degree,degree
PMC2817501_01,5,36,mitral,723,729,mitral,mitral
PMC2817501_01,5,37,insufficiency,730,743,insufficiency,insufficiency
PMC2817501_01,5,38,with,744,748,with,with
PMC2817501_01,5,39,a,749,750,a,a
PMC2817501_01,5,40,left,751,755,left,left
PMC2817501_01,5,41,ventricular,756,767,ventricular,ventricular
PMC2817501_01,5,42,ejection,768,776,ejection,ejection
PMC2817501_01,5,43,fraction,777,785,fraction,fraction
PMC2817501_01,5,44,of,786,788,of,of
PMC2817501_01,5,45,30%,789,792,30%,30%
PMC2817501_01,5,46,with,793,797,with,with
PMC2817501_01,5,47,peak,798,802,peak,peak
PMC2817501_01,5,48,pulmonary,803,812,pulmonary,pulmonary
PMC2817501_01,5,49,artery,813,819,artery,artery
PMC2817501_01,5,50,pressure,820,828,pressure,pressure
PMC2817501_01,5,51,of,829,831,of,of
PMC2817501_01,5,52,68,832,834,68,68
PMC2817501_01,5,53,mmHg,835,839,mmHg,mmhg
PMC2817501_01,5,54,",",839,840,",",","
PMC2817501_01,5,55,besides,841,848,besides,besides
PMC2817501_01,5,56,there,849,854,there,there
PMC2817501_01,5,57,was,855,858,was,was
PMC2817501_01,5,58,a,859,860,a,a
PMC2817501_01,5,59,pannus,861,867,pannus,pannus
PMC2817501_01,5,60,formation,868,877,formation,formation
PMC2817501_01,5,61,in,878,880,in,in
PMC2817501_01,5,62,the,881,884,the,the
PMC2817501_01,5,63,surrounding,885,896,surrounding,surrounding
PMC2817501_01,5,64,valvular,897,905,valvular,valvular
PMC2817501_01,5,65,tissue,906,912,tissue,tissue
PMC2817501_01,5,66,.,912,913,.,.
PMC2817501_01,6,1,Coronary,914,922,Coronary,coronary
PMC2817501_01,6,2,arteriography,923,936,arteriography,arteriography
PMC2817501_01,6,3,showed,937,943,showed,showed
PMC2817501_01,6,4,a,944,945,a,a
PMC2817501_01,6,5,90%,946,949,90%,90%
PMC2817501_01,6,6,stenosis,950,958,stenosis,stenosis
PMC2817501_01,6,7,at,959,961,at,at
PMC2817501_01,6,8,proximal,962,970,proximal,proximal
PMC2817501_01,6,9,portion,971,978,portion,portion
PMC2817501_01,6,10,of,979,981,of,of
PMC2817501_01,6,11,LAD,982,985,LAD,lad
PMC2817501_01,6,12,and,986,989,and,and
PMC2817501_01,6,13,well,990,994,well,well
PMC2817501_01,6,14,functioning,995,1006,functioning,functioning
PMC2817501_01,6,15,caged,1007,1012,caged,caged
PMC2817501_01,6,16,ball,1013,1017,ball,ball
PMC2817501_01,6,17,prosthesis,1018,1028,prosthesis,prosthesis
PMC2817501_01,6,18,(,1029,1030,(,(
PMC2817501_01,6,19,Figure,1030,1036,Figure,figure
PMC2817501_01,6,20,1,1037,1038,1,1
PMC2817501_01,6,21,),1038,1039,),)
PMC2817501_01,6,22,.,1039,1040,.,.
PMC2817501_01,7,1,The,1041,1044,The,the
PMC2817501_01,7,2,patient,1045,1052,patient,patient
PMC2817501_01,7,3,underwent,1053,1062,underwent,underwent
PMC2817501_01,7,4,a,1063,1064,a,a
PMC2817501_01,7,5,reoperation,1065,1076,reoperation,reoperation
PMC2817501_01,7,6,of,1077,1079,of,of
PMC2817501_01,7,7,double,1080,1086,double,double
PMC2817501_01,7,8,valve,1087,1092,valve,valve
PMC2817501_01,7,9,replacement,1093,1104,replacement,replacement
PMC2817501_01,7,10,and,1105,1108,and,and
PMC2817501_01,7,11,one,1109,1112,one,one
PMC2817501_01,7,12,vessel,1113,1119,vessel,vessel
PMC2817501_01,7,13,coronary,1120,1128,coronary,coronary
PMC2817501_01,7,14,artery,1129,1135,artery,artery
PMC2817501_01,7,15,bypass,1136,1142,bypass,bypass
PMC2817501_01,7,16,grafting,1143,1151,grafting,grafting
PMC2817501_01,7,17,through,1152,1159,through,through
PMC2817501_01,7,18,a,1160,1161,a,a
PMC2817501_01,7,19,median,1162,1168,median,median
PMC2817501_01,7,20,sternotomy,1169,1179,sternotomy,sternotomy
PMC2817501_01,7,21,by,1180,1182,by,by
PMC2817501_01,7,22,the,1183,1186,the,the
PMC2817501_01,7,23,help,1187,1191,help,help
PMC2817501_01,7,24,of,1192,1194,of,of
PMC2817501_01,7,25,cardiopulmonary,1195,1210,cardiopulmonary,cardiopulmonary
PMC2817501_01,7,26,bypass,1211,1217,bypass,bypass
PMC2817501_01,7,27,at,1218,1220,at,at
PMC2817501_01,7,28,mild,1221,1225,mild,mild
PMC2817501_01,7,29,hypothermia,1226,1237,hypothermia,hypothermia
PMC2817501_01,7,30,.,1237,1238,.,.
PMC2817501_01,8,1,Macroscopic,1239,1250,Macroscopic,macroscopic
PMC2817501_01,8,2,inspection,1251,1261,inspection,inspection
PMC2817501_01,8,3,of,1262,1264,of,of
PMC2817501_01,8,4,the,1265,1268,the,the
PMC2817501_01,8,5,excised,1269,1276,excised,excised
PMC2817501_01,8,6,Starr-Edwards,1277,1290,Starr-Edwards,starr-edwards
PMC2817501_01,8,7,caged,1291,1296,caged,caged
PMC2817501_01,8,8,ball,1297,1301,ball,ball
PMC2817501_01,8,9,significant,1302,1313,significant,significant
PMC2817501_01,8,10,cloth,1314,1319,cloth,cloth
PMC2817501_01,8,11,wear,1320,1324,wear,wear
PMC2817501_01,8,12,and,1325,1328,and,and
PMC2817501_01,8,13,dislodgement,1329,1341,dislodgement,dislodgement
PMC2817501_01,8,14,were,1342,1346,were,were
PMC2817501_01,8,15,observed,1347,1355,observed,observed
PMC2817501_01,8,16,inside,1356,1362,inside,inside
PMC2817501_01,8,17,the,1363,1366,the,the
PMC2817501_01,8,18,struts,1367,1373,struts,struts
PMC2817501_01,8,19,",",1373,1374,",",","
PMC2817501_01,8,20,showing,1375,1382,showing,showing
PMC2817501_01,8,21,bare,1383,1387,bare,bare
PMC2817501_01,8,22,cage,1388,1392,cage,cage
PMC2817501_01,8,23,metal,1393,1398,metal,metal
PMC2817501_01,8,24,(,1399,1400,(,(
PMC2817501_01,8,25,Figure,1400,1406,Figure,figure
PMC2817501_01,8,26,2,1407,1408,2,2
PMC2817501_01,8,27,),1408,1409,),)
PMC2817501_01,8,28,.,1409,1410,.,.
PMC2817501_01,9,1,At,1412,1414,At,at
PMC2817501_01,9,2,reoperation,1415,1426,reoperation,reoperation
PMC2817501_01,9,3,the,1427,1430,the,the
PMC2817501_01,9,4,mitral,1431,1437,mitral,mitral
PMC2817501_01,9,5,valve,1438,1443,valve,valve
PMC2817501_01,9,6,was,1444,1447,was,was
PMC2817501_01,9,7,replaced,1448,1456,replaced,replaced
PMC2817501_01,9,8,with,1457,1461,with,with
PMC2817501_01,9,9,a,1462,1463,a,a
PMC2817501_01,9,10,bileaflet,1464,1473,bileaflet,bileaflet
PMC2817501_01,9,11,prosthesis,1474,1484,prosthesis,prosthesis
PMC2817501_01,9,12,",",1484,1485,",",","
PMC2817501_01,9,13,St,1486,1488,St,st
PMC2817501_01,9,14,.,1488,1489,.,.
PMC2817501_01,9,15,Jude,1490,1494,Jude,jude
PMC2817501_01,9,16,Medical,1495,1502,Medical,medical
PMC2817501_01,9,17,29,1503,1505,29,29
PMC2817501_01,9,18,mm,1506,1508,mm,mm
PMC2817501_01,9,19,",",1508,1509,",",","
PMC2817501_01,9,20,and,1510,1513,and,and
PMC2817501_01,9,21,an,1514,1516,an,an
PMC2817501_01,9,22,aortotomy,1517,1526,aortotomy,aortotomy
PMC2817501_01,9,23,was,1527,1530,was,was
PMC2817501_01,9,24,applied,1531,1538,applied,applied
PMC2817501_01,9,25,because,1539,1546,because,because
PMC2817501_01,9,26,of,1547,1549,of,of
PMC2817501_01,9,27,the,1550,1553,the,the
PMC2817501_01,9,28,previous,1554,1562,previous,previous
PMC2817501_01,9,29,serebrovascular,1563,1578,serebrovascular,serebrovascular
PMC2817501_01,9,30,accident,1579,1587,accident,accident
PMC2817501_01,9,31,and,1588,1591,and,and
PMC2817501_01,9,32,to,1592,1594,to,to
PMC2817501_01,9,33,examine,1595,1602,examine,examine
PMC2817501_01,9,34,the,1603,1606,the,the
PMC2817501_01,9,35,pannus,1607,1613,pannus,pannus
PMC2817501_01,9,36,formation,1614,1623,formation,formation
PMC2817501_01,9,37,in,1624,1626,in,in
PMC2817501_01,9,38,the,1627,1630,the,the
PMC2817501_01,9,39,surrounding,1631,1642,surrounding,surrounding
PMC2817501_01,9,40,tissue,1643,1649,tissue,tissue
PMC2817501_01,9,41,.,1649,1650,.,.
PMC2817501_01,10,1,After,1651,1656,After,after
PMC2817501_01,10,2,aortotomy,1657,1666,aortotomy,aortotomy
PMC2817501_01,10,3,we,1667,1669,we,we
PMC2817501_01,10,4,saw,1670,1673,saw,saw
PMC2817501_01,10,5,that,1674,1678,that,that
PMC2817501_01,10,6,the,1679,1682,the,the
PMC2817501_01,10,7,cloth,1683,1688,cloth,cloth
PMC2817501_01,10,8,surrounding,1689,1700,surrounding,surrounding
PMC2817501_01,10,9,the,1701,1704,the,the
PMC2817501_01,10,10,outside,1705,1712,outside,outside
PMC2817501_01,10,11,was,1713,1716,was,was
PMC2817501_01,10,12,detached,1717,1725,detached,detached
PMC2817501_01,10,13,from,1726,1730,from,from
PMC2817501_01,10,14,struts,1731,1737,struts,struts
PMC2817501_01,10,15,and,1738,1741,and,and
PMC2817501_01,10,16,loosened,1742,1750,loosened,loosened
PMC2817501_01,10,17,and,1751,1754,and,and
PMC2817501_01,10,18,the,1755,1758,the,the
PMC2817501_01,10,19,Starr-Edwards,1759,1772,Starr-Edwards,starr-edwards
PMC2817501_01,10,20,caged-ball,1773,1783,caged-ball,caged-ball
PMC2817501_01,10,21,prosthesis,1784,1794,prosthesis,prosthesis
PMC2817501_01,10,22,was,1795,1798,was,was
PMC2817501_01,10,23,replaced,1799,1807,replaced,replaced
PMC2817501_01,10,24,with,1808,1812,with,with
PMC2817501_01,10,25,St,1813,1815,St,st
PMC2817501_01,10,26,.,1815,1816,.,.
PMC2817501_01,10,27,Jude,1817,1821,Jude,jude
PMC2817501_01,10,28,Medical,1822,1829,Medical,medical
PMC2817501_01,10,29,21,1830,1832,21,21
PMC2817501_01,10,30,mm,1833,1835,mm,mm
PMC2817501_01,10,31,bileaflet,1836,1845,bileaflet,bileaflet
PMC2817501_01,10,32,valve,1846,1851,valve,valve
PMC2817501_01,10,33,prosthesis,1852,1862,prosthesis,prosthesis
PMC2817501_01,10,34,to,1863,1865,to,to
PMC2817501_01,10,35,achieve,1866,1873,achieve,achieve
PMC2817501_01,10,36,a,1874,1875,a,a
PMC2817501_01,10,37,better,1876,1882,better,better
PMC2817501_01,10,38,hemodynamic,1883,1894,hemodynamic,hemodynamic
PMC2817501_01,10,39,performance,1895,1906,performance,performance
PMC2817501_01,10,40,and,1907,1910,and,and
PMC2817501_01,10,41,a,1911,1912,a,a
PMC2817501_01,10,42,lower,1913,1918,lower,lower
PMC2817501_01,10,43,INR,1919,1922,INR,inr
PMC2817501_01,10,44,ratio,1923,1928,ratio,ratio
PMC2817501_01,10,45,in,1929,1931,in,in
PMC2817501_01,10,46,the,1932,1935,the,the
PMC2817501_01,10,47,follow-up,1936,1945,follow-up,follow-up
PMC2817501_01,10,48,period,1946,1952,period,period
PMC2817501_01,10,49,.,1952,1953,.,.
PMC2817501_01,11,1,The,1954,1957,The,the
PMC2817501_01,11,2,postoperative,1958,1971,postoperative,postoperative
PMC2817501_01,11,3,course,1972,1978,course,course
PMC2817501_01,11,4,was,1979,1982,was,was
PMC2817501_01,11,5,uneventful,1983,1993,uneventful,uneventful
PMC2817501_01,11,6,.,1993,1994,.,.
PMC2817501_01,12,1,Echocardiogram,1995,2009,Echocardiogram,echocardiogram
PMC2817501_01,12,2,before,2010,2016,before,before
PMC2817501_01,12,3,discharge,2017,2026,discharge,discharge
PMC2817501_01,12,4,confirmed,2027,2036,confirmed,confirmed
PMC2817501_01,12,5,that,2037,2041,that,that
PMC2817501_01,12,6,the,2042,2045,the,the
PMC2817501_01,12,7,prosthetic,2046,2056,prosthetic,prosthetic
PMC2817501_01,12,8,valves,2057,2063,valves,valves
PMC2817501_01,12,9,were,2064,2068,were,were
PMC2817501_01,12,10,functioning,2069,2080,functioning,functioning
PMC2817501_01,12,11,normally,2081,2089,normally,normally
PMC2817501_01,12,12,.,2089,2090,.,.
PMC11368112_01,1,1,A,0,1,A,a
PMC11368112_01,1,2,35,2,4,35,35
PMC11368112_01,1,3,-,4,5,-,-
PMC11368112_01,1,4,year-old,5,13,year-old,year-old
PMC11368112_01,1,5,male,14,18,male,male
PMC11368112_01,1,6,with,19,23,with,with
PMC11368112_01,1,7,a,24,25,a,a
PMC11368112_01,1,8,2,26,27,2,2
PMC11368112_01,1,9,-,27,28,-,-
PMC11368112_01,1,10,day,28,31,day,day
PMC11368112_01,1,11,history,32,39,history,history
PMC11368112_01,1,12,of,40,42,of,of
PMC11368112_01,1,13,chest,43,48,chest,chest
PMC11368112_01,1,14,tightness,49,58,tightness,tightness
PMC11368112_01,1,15,and,59,62,and,and
PMC11368112_01,1,16,fever,63,68,fever,fever
PMC11368112_01,1,17,was,69,72,was,was
PMC11368112_01,1,18,admitted,73,81,admitted,admitted
PMC11368112_01,1,19,to,82,84,to,to
PMC11368112_01,1,20,the,85,88,the,the
PMC11368112_01,1,21,emergency,89,98,emergency,emergency
PMC11368112_01,1,22,department,99,109,department,department
PMC11368112_01,1,23,on,110,112,on,on
PMC11368112_01,1,24,July,113,117,July,july
PMC11368112_01,1,25,13,118,120,13,13
PMC11368112_01,1,26,",",120,121,",",","
PMC11368112_01,1,27,2022,122,126,2022,2022
PMC11368112_01,1,28,.,126,127,.,.
PMC11368112_01,2,1,His,128,131,His,his
PMC11368112_01,2,2,medical,132,139,medical,medical
PMC11368112_01,2,3,history,140,147,history,history
PMC11368112_01,2,4,included,148,156,included,included
PMC11368112_01,2,5,lower,157,162,lower,lower
PMC11368112_01,2,6,extremity,163,172,extremity,extremity
PMC11368112_01,2,7,venous,173,179,venous,venous
PMC11368112_01,2,8,thrombosis,180,190,thrombosis,thrombosis
PMC11368112_01,2,9,",",190,191,",",","
PMC11368112_01,2,10,pulmonary,192,201,pulmonary,pulmonary
PMC11368112_01,2,11,nodules,202,209,nodules,nodules
PMC11368112_01,2,12,",",209,210,",",","
PMC11368112_01,2,13,cardiac,211,218,cardiac,cardiac
PMC11368112_01,2,14,surgery,219,226,surgery,surgery
PMC11368112_01,2,15,",",226,227,",",","
PMC11368112_01,2,16,and,228,231,and,and
PMC11368112_01,2,17,hypertension,232,244,hypertension,hypertension
PMC11368112_01,2,18,.,244,245,.,.
PMC11368112_01,3,1,Two,246,249,Two,two
PMC11368112_01,3,2,days,250,254,days,days
PMC11368112_01,3,3,ago,255,258,ago,ago
PMC11368112_01,3,4,",",258,259,",",","
PMC11368112_01,3,5,he,260,262,he,he
PMC11368112_01,3,6,experienced,263,274,experienced,experienced
PMC11368112_01,3,7,significant,275,286,significant,significant
PMC11368112_01,3,8,dyspnea,287,294,dyspnea,dyspnea
PMC11368112_01,3,9,accompanied,295,306,accompanied,accompanied
PMC11368112_01,3,10,by,307,309,by,by
PMC11368112_01,3,11,intermittent,310,322,intermittent,intermittent
PMC11368112_01,3,12,fever,323,328,fever,fever
PMC11368112_01,3,13,and,329,332,and,and
PMC11368112_01,3,14,chills,333,339,chills,chills
PMC11368112_01,3,15,.,339,340,.,.
PMC11368112_01,4,1,His,341,344,His,his
PMC11368112_01,4,2,physical,345,353,physical,physical
PMC11368112_01,4,3,examination,354,365,examination,examination
PMC11368112_01,4,4,revealed,366,374,revealed,revealed
PMC11368112_01,4,5,a,375,376,a,a
PMC11368112_01,4,6,temperature,377,388,temperature,temperature
PMC11368112_01,4,7,of,389,391,of,of
PMC11368112_01,4,8,38.7,392,396,38.7,38.7
PMC11368112_01,4,9,C,397,398,C,c
PMC11368112_01,4,10,",",398,399,",",","
PMC11368112_01,4,11,with,400,404,with,with
PMC11368112_01,4,12,rapid,405,410,rapid,rapid
PMC11368112_01,4,13,respiration,411,422,respiration,respiration
PMC11368112_01,4,14,but,423,426,but,but
PMC11368112_01,4,15,no,427,429,no,no
PMC11368112_01,4,16,other,430,435,other,other
PMC11368112_01,4,17,obvious,436,443,obvious,obvious
PMC11368112_01,4,18,abnormalities,444,457,abnormalities,abnormalities
PMC11368112_01,4,19,.,457,458,.,.
PMC11368112_01,5,1,The,459,462,The,the
PMC11368112_01,5,2,laboratory,463,473,laboratory,laboratory
PMC11368112_01,5,3,results,474,481,results,results
PMC11368112_01,5,4,were,482,486,were,were
PMC11368112_01,5,5,as,487,489,as,as
PMC11368112_01,5,6,follows,490,497,follows,follows
PMC11368112_01,5,7,:,497,498,:,:
PMC11368112_01,5,8,WBC,499,502,WBC,wbc
PMC11368112_01,5,9,",",502,503,",",","
PMC11368112_01,5,10,12.65,504,509,12.65,12.65
PMC11368112_01,5,11,x,510,511,x,x
PMC11368112_01,5,12,109,512,515,109,109
PMC11368112_01,5,13,/,515,516,/,/
PMC11368112_01,5,14,L,516,517,L,l
PMC11368112_01,5,15,;,517,518,;,;
PMC11368112_01,5,16,neutrophils,519,530,neutrophils,neutrophils
PMC11368112_01,5,17,",",530,531,",",","
PMC11368112_01,5,18,85%,532,535,85%,85%
PMC11368112_01,5,19,;,535,536,;,;
PMC11368112_01,5,20,CRP,537,540,CRP,crp
PMC11368112_01,5,21,",",540,541,",",","
PMC11368112_01,5,22,65,542,544,65,65
PMC11368112_01,5,23,mg/L,545,549,mg/L,mg/l
PMC11368112_01,5,24,;,549,550,;,;
PMC11368112_01,5,25,ESR,551,554,ESR,esr
PMC11368112_01,5,26,",",554,555,",",","
PMC11368112_01,5,27,55,556,558,55,55
PMC11368112_01,5,28,mm/h,559,563,mm/h,mm/h
PMC11368112_01,5,29,;,563,564,;,;
PMC11368112_01,5,30,and,565,568,and,and
PMC11368112_01,5,31,D-dimer,569,576,D-dimer,d-dimer
PMC11368112_01,5,32,",",576,577,",",","
PMC11368112_01,5,33,26.12,578,583,26.12,26.12
PMC11368112_01,5,34,mg/L,584,588,mg/L,mg/l
PMC11368112_01,5,35,.,588,589,.,.
PMC11368112_01,6,1,Venous,590,596,Venous,venous
PMC11368112_01,6,2,ultrasound,597,607,ultrasound,ultrasound
PMC11368112_01,6,3,revealed,608,616,revealed,revealed
PMC11368112_01,6,4,thrombosis,617,627,thrombosis,thrombosis
PMC11368112_01,6,5,in,628,630,in,in
PMC11368112_01,6,6,the,631,634,the,the
PMC11368112_01,6,7,common,635,641,common,common
PMC11368112_01,6,8,femoral,642,649,femoral,femoral
PMC11368112_01,6,9,vein,650,654,vein,vein
PMC11368112_01,6,10,",",654,655,",",","
PMC11368112_01,6,11,bilateral,656,665,bilateral,bilateral
PMC11368112_01,6,12,external,666,674,external,external
PMC11368112_01,6,13,iliac,675,680,iliac,iliac
PMC11368112_01,6,14,veins,681,686,veins,veins
PMC11368112_01,6,15,",",686,687,",",","
PMC11368112_01,6,16,and,688,691,and,and
PMC11368112_01,6,17,left,692,696,left,left
PMC11368112_01,6,18,superficial,697,708,superficial,superficial
PMC11368112_01,6,19,femoral,709,716,femoral,femoral
PMC11368112_01,6,20,vein,717,721,vein,vein
PMC11368112_01,6,21,in,722,724,in,in
PMC11368112_01,6,22,both,725,729,both,both
PMC11368112_01,6,23,lower,730,735,lower,lower
PMC11368112_01,6,24,limbs,736,741,limbs,limbs
PMC11368112_01,6,25,.,741,742,.,.
PMC11368112_01,7,1,ECG,743,746,ECG,ecg
PMC11368112_01,7,2,indicated,747,756,indicated,indicated
PMC11368112_01,7,3,sinus,757,762,sinus,sinus
PMC11368112_01,7,4,tachycardia,763,774,tachycardia,tachycardia
PMC11368112_01,7,5,.,774,775,.,.
PMC11368112_01,8,1,Pulmonary,776,785,Pulmonary,pulmonary
PMC11368112_01,8,2,CTA,786,789,CTA,cta
PMC11368112_01,8,3,indicated,790,799,indicated,indicated
PMC11368112_01,8,4,embolism,800,808,embolism,embolism
PMC11368112_01,8,5,in,809,811,in,in
PMC11368112_01,8,6,both,812,816,both,both
PMC11368112_01,8,7,lower,817,822,lower,lower
PMC11368112_01,8,8,pulmonary,823,832,pulmonary,pulmonary
PMC11368112_01,8,9,artery,833,839,artery,artery
PMC11368112_01,8,10,branches,840,848,branches,branches
PMC11368112_01,8,11,",",848,849,",",","
PMC11368112_01,8,12,a,850,851,a,a
PMC11368112_01,8,13,new,852,855,new,new
PMC11368112_01,8,14,embolus,856,863,embolus,embolus
PMC11368112_01,8,15,in,864,866,in,in
PMC11368112_01,8,16,the,867,870,the,the
PMC11368112_01,8,17,right,871,876,right,right
PMC11368112_01,8,18,lower,877,882,lower,lower
PMC11368112_01,8,19,pulmonary,883,892,pulmonary,pulmonary
PMC11368112_01,8,20,artery,893,899,artery,artery
PMC11368112_01,8,21,branch,900,906,branch,branch
PMC11368112_01,8,22,",",906,907,",",","
PMC11368112_01,8,23,and,908,911,and,and
PMC11368112_01,8,24,exudative,912,921,exudative,exudative
PMC11368112_01,8,25,changes,922,929,changes,changes
PMC11368112_01,8,26,in,930,932,in,in
PMC11368112_01,8,27,the,933,936,the,the
PMC11368112_01,8,28,lower,937,942,lower,lower
PMC11368112_01,8,29,lobes,943,948,lobes,lobes
PMC11368112_01,8,30,of,949,951,of,of
PMC11368112_01,8,31,both,952,956,both,both
PMC11368112_01,8,32,lungs,957,962,lungs,lungs
PMC11368112_01,8,33,(,963,964,(,(
PMC11368112_01,8,34,Figure,964,970,Figure,figure
PMC11368112_01,8,35,1a,971,973,1a,1a
PMC11368112_01,8,36,and,974,977,and,and
PMC11368112_01,8,37,b,978,979,b,b
PMC11368112_01,8,38,),979,980,),)
PMC11368112_01,8,39,.,980,981,.,.
PMC11368112_01,9,1,The,983,986,The,the
PMC11368112_01,9,2,patient,987,994,patient,patient
PMC11368112_01,9,3,was,995,998,was,was
PMC11368112_01,9,4,transferred,999,1010,transferred,transferred
PMC11368112_01,9,5,to,1011,1013,to,to
PMC11368112_01,9,6,the,1014,1017,the,the
PMC11368112_01,9,7,respiratory,1018,1029,respiratory,respiratory
PMC11368112_01,9,8,department,1030,1040,department,department
PMC11368112_01,9,9,with,1041,1045,with,with
PMC11368112_01,9,10,a,1046,1047,a,a
PMC11368112_01,9,11,diagnosis,1048,1057,diagnosis,diagnosis
PMC11368112_01,9,12,of,1058,1060,of,of
PMC11368112_01,9,13,pulmonary,1061,1070,pulmonary,pulmonary
PMC11368112_01,9,14,embolism,1071,1079,embolism,embolism
PMC11368112_01,9,15,(,1080,1081,(,(
PMC11368112_01,9,16,PE,1081,1083,PE,pe
PMC11368112_01,9,17,),1083,1084,),)
PMC11368112_01,9,18,.,1084,1085,.,.
PMC11368112_01,10,1,During,1086,1092,During,during
PMC11368112_01,10,2,the,1093,1096,the,the
PMC11368112_01,10,3,night,1097,1102,night,night
PMC11368112_01,10,4,",",1102,1103,",",","
PMC11368112_01,10,5,his,1104,1107,his,his
PMC11368112_01,10,6,temperature,1108,1119,temperature,temperature
PMC11368112_01,10,7,spiked,1120,1126,spiked,spiked
PMC11368112_01,10,8,to,1127,1129,to,to
PMC11368112_01,10,9,39.5,1130,1134,39.5,39.5
PMC11368112_01,10,10,C,1135,1136,C,c
PMC11368112_01,10,11,",",1136,1137,",",","
PMC11368112_01,10,12,accompanied,1138,1149,accompanied,accompanied
PMC11368112_01,10,13,by,1150,1152,by,by
PMC11368112_01,10,14,chills,1153,1159,chills,chills
PMC11368112_01,10,15,.,1159,1160,.,.
PMC11368112_01,11,1,Despite,1161,1168,Despite,despite
PMC11368112_01,11,2,an,1169,1171,an,an
PMC11368112_01,11,3,empirical,1172,1181,empirical,empirical
PMC11368112_01,11,4,escalation,1182,1192,escalation,escalation
PMC11368112_01,11,5,of,1193,1195,of,of
PMC11368112_01,11,6,anti-infective,1196,1210,anti-infective,anti-infective
PMC11368112_01,11,7,therapy,1211,1218,therapy,therapy
PMC11368112_01,11,8,with,1219,1223,with,with
PMC11368112_01,11,9,meropenem,1224,1233,meropenem,meropenem
PMC11368112_01,11,10,and,1234,1237,and,and
PMC11368112_01,11,11,linezolid,1238,1247,linezolid,linezolid
PMC11368112_01,11,12,",",1247,1248,",",","
PMC11368112_01,11,13,his,1249,1252,his,his
PMC11368112_01,11,14,fever,1253,1258,fever,fever
PMC11368112_01,11,15,persisted,1259,1268,persisted,persisted
PMC11368112_01,11,16,",",1268,1269,",",","
PMC11368112_01,11,17,reaching,1270,1278,reaching,reaching
PMC11368112_01,11,18,a,1279,1280,a,a
PMC11368112_01,11,19,peak,1281,1285,peak,peak
PMC11368112_01,11,20,of,1286,1288,of,of
PMC11368112_01,11,21,39.8,1289,1293,39.8,39.8
PMC11368112_01,11,22,C,1294,1295,C,c
PMC11368112_01,11,23,on,1296,1298,on,on
PMC11368112_01,11,24,the,1299,1302,the,the
PMC11368112_01,11,25,fifth,1303,1308,fifth,fifth
PMC11368112_01,11,26,day,1309,1312,day,day
PMC11368112_01,11,27,of,1313,1315,of,of
PMC11368112_01,11,28,hospitalization,1316,1331,hospitalization,hospitalization
PMC11368112_01,11,29,.,1331,1332,.,.
PMC11368112_01,12,1,Blood,1333,1338,Blood,blood
PMC11368112_01,12,2,and,1339,1342,and,and
PMC11368112_01,12,3,sputum,1343,1349,sputum,sputum
PMC11368112_01,12,4,cultures,1350,1358,cultures,cultures
PMC11368112_01,12,5,were,1359,1363,were,were
PMC11368112_01,12,6,negative,1364,1372,negative,negative
PMC11368112_01,12,7,.,1372,1373,.,.
PMC11368112_01,13,1,The,1374,1377,The,the
PMC11368112_01,13,2,patient,1378,1385,patient,patient
PMC11368112_01,13,3,reported,1386,1394,reported,reported
PMC11368112_01,13,4,experiencing,1395,1407,experiencing,experiencing
PMC11368112_01,13,5,a,1408,1409,a,a
PMC11368112_01,13,6,similar,1410,1417,similar,similar
PMC11368112_01,13,7,high,1418,1422,high,high
PMC11368112_01,13,8,fever,1423,1428,fever,fever
PMC11368112_01,13,9,two,1429,1432,two,two
PMC11368112_01,13,10,months,1433,1439,months,months
PMC11368112_01,13,11,earlier,1440,1447,earlier,earlier
PMC11368112_01,13,12,following,1448,1457,following,following
PMC11368112_01,13,13,cardiac,1458,1465,cardiac,cardiac
PMC11368112_01,13,14,surgery,1466,1473,surgery,surgery
PMC11368112_01,13,15,",",1473,1474,",",","
PMC11368112_01,13,16,which,1475,1480,which,which
PMC11368112_01,13,17,had,1481,1484,had,had
PMC11368112_01,13,18,subsided,1485,1493,subsided,subsided
PMC11368112_01,13,19,with,1494,1498,with,with
PMC11368112_01,13,20,anti-infective,1499,1513,anti-infective,anti-infective
PMC11368112_01,13,21,and,1514,1517,and,and
PMC11368112_01,13,22,antipyretic,1518,1529,antipyretic,antipyretic
PMC11368112_01,13,23,treatment,1530,1539,treatment,treatment
PMC11368112_01,13,24,.,1539,1540,.,.
PMC11368112_01,14,1,Two,1541,1544,Two,two
PMC11368112_01,14,2,months,1545,1551,months,months
PMC11368112_01,14,3,earlier,1552,1559,earlier,earlier
PMC11368112_01,14,4,",",1559,1560,",",","
PMC11368112_01,14,5,an,1561,1563,an,an
PMC11368112_01,14,6,esophageal,1564,1574,esophageal,esophageal
PMC11368112_01,14,7,echocardiogram,1575,1589,echocardiogram,echocardiogram
PMC11368112_01,14,8,had,1590,1593,had,had
PMC11368112_01,14,9,indicated,1594,1603,indicated,indicated
PMC11368112_01,14,10,a,1604,1605,a,a
PMC11368112_01,14,11,hyperechoic,1606,1617,hyperechoic,hyperechoic
PMC11368112_01,14,12,right,1618,1623,right,right
PMC11368112_01,14,13,atrium,1624,1630,atrium,atrium
PMC11368112_01,14,14,with,1631,1635,with,with
PMC11368112_01,14,15,a,1636,1637,a,a
PMC11368112_01,14,16,widened,1638,1645,widened,widened
PMC11368112_01,14,17,coronary,1646,1654,coronary,coronary
PMC11368112_01,14,18,sinus,1655,1660,sinus,sinus
PMC11368112_01,14,19,(,1661,1662,(,(
PMC11368112_01,14,20,Figure,1662,1668,Figure,figure
PMC11368112_01,14,21,2a,1669,1671,2a,2a
PMC11368112_01,14,22,),1671,1672,),)
PMC11368112_01,14,23,.,1672,1673,.,.
PMC11368112_01,15,1,On,1674,1676,On,on
PMC11368112_01,15,2,May,1677,1680,May,may
PMC11368112_01,15,3,13,1681,1683,13,13
PMC11368112_01,15,4,",",1683,1684,",",","
PMC11368112_01,15,5,2022,1685,1689,2022,2022
PMC11368112_01,15,6,",",1689,1690,",",","
PMC11368112_01,15,7,he,1691,1693,he,he
PMC11368112_01,15,8,underwent,1694,1703,underwent,underwent
PMC11368112_01,15,9,surgery,1704,1711,surgery,surgery
PMC11368112_01,15,10,to,1712,1714,to,to
PMC11368112_01,15,11,remove,1715,1721,remove,remove
PMC11368112_01,15,12,an,1722,1724,an,an
PMC11368112_01,15,13,intracardiac,1725,1737,intracardiac,intracardiac
PMC11368112_01,15,14,mass,1738,1742,mass,mass
PMC11368112_01,15,15,.,1742,1743,.,.
PMC11368112_01,16,1,Intraoperative,1744,1758,Intraoperative,intraoperative
PMC11368112_01,16,2,findings,1759,1767,findings,findings
PMC11368112_01,16,3,revealed,1768,1776,revealed,revealed
PMC11368112_01,16,4,a,1777,1778,a,a
PMC11368112_01,16,5,3,1779,1780,3,3
PMC11368112_01,16,6,x,1781,1782,x,x
PMC11368112_01,16,7,3,1783,1784,3,3
PMC11368112_01,16,8,cm,1785,1787,cm,cm
PMC11368112_01,16,9,cystic,1788,1794,cystic,cystic
PMC11368112_01,16,10,mass,1795,1799,mass,mass
PMC11368112_01,16,11,containing,1800,1810,containing,containing
PMC11368112_01,16,12,yellow,1811,1817,yellow,yellow
PMC11368112_01,16,13,cloudy,1818,1824,cloudy,cloudy
PMC11368112_01,16,14,fluid,1825,1830,fluid,fluid
PMC11368112_01,16,15,in,1831,1833,in,in
PMC11368112_01,16,16,the,1834,1837,the,the
PMC11368112_01,16,17,coronary,1838,1846,coronary,coronary
PMC11368112_01,16,18,sinus,1847,1852,sinus,sinus
PMC11368112_01,16,19,of,1853,1855,of,of
PMC11368112_01,16,20,the,1856,1859,the,the
PMC11368112_01,16,21,right,1860,1865,right,right
PMC11368112_01,16,22,atrium,1866,1872,atrium,atrium
PMC11368112_01,16,23,.,1872,1873,.,.
PMC11368112_01,17,1,Intraoperative,1874,1888,Intraoperative,intraoperative
PMC11368112_01,17,2,cryopathologic,1889,1903,cryopathologic,cryopathologic
PMC11368112_01,17,3,analysis,1904,1912,analysis,analysis
PMC11368112_01,17,4,indicated,1913,1922,indicated,indicated
PMC11368112_01,17,5,inflammatory,1923,1935,inflammatory,inflammatory
PMC11368112_01,17,6,exudation,1936,1945,exudation,exudation
PMC11368112_01,17,7,with,1946,1950,with,with
PMC11368112_01,17,8,necrotic,1951,1959,necrotic,necrotic
PMC11368112_01,17,9,tissue,1960,1966,tissue,tissue
PMC11368112_01,17,10,and,1967,1970,and,and
PMC11368112_01,17,11,infiltration,1971,1983,infiltration,infiltration
PMC11368112_01,17,12,of,1984,1986,of,of
PMC11368112_01,17,13,inflammatory,1987,1999,inflammatory,inflammatory
PMC11368112_01,17,14,cells,2000,2005,cells,cells
PMC11368112_01,17,15,(,2006,2007,(,(
PMC11368112_01,17,16,Figure,2007,2013,Figure,figure
PMC11368112_01,17,17,2b,2014,2016,2b,2b
PMC11368112_01,17,18,),2016,2017,),)
PMC11368112_01,17,19,.,2017,2018,.,.
PMC11368112_01,18,1,The,2019,2022,The,the
PMC11368112_01,18,2,cardiology,2023,2033,cardiology,cardiology
PMC11368112_01,18,3,department,2034,2044,department,department
PMC11368112_01,18,4,consulted,2045,2054,consulted,consulted
PMC11368112_01,18,5,with,2055,2059,with,with
PMC11368112_01,18,6,hematology,2060,2070,hematology,hematology
PMC11368112_01,18,7,",",2070,2071,",",","
PMC11368112_01,18,8,infection,2072,2081,infection,infection
PMC11368112_01,18,9,",",2081,2082,",",","
PMC11368112_01,18,10,and,2083,2086,and,and
PMC11368112_01,18,11,vascular,2087,2095,vascular,vascular
PMC11368112_01,18,12,departments,2096,2107,departments,departments
PMC11368112_01,18,13,before,2108,2114,before,before
PMC11368112_01,18,14,and,2115,2118,and,and
PMC11368112_01,18,15,after,2119,2124,after,after
PMC11368112_01,18,16,the,2125,2128,the,the
PMC11368112_01,18,17,surgery,2129,2136,surgery,surgery
PMC11368112_01,18,18,",",2136,2137,",",","
PMC11368112_01,18,19,suspecting,2138,2148,suspecting,suspecting
PMC11368112_01,18,20,tuberculosis,2149,2161,tuberculosis,tuberculosis
PMC11368112_01,18,21,and,2162,2165,and,and
PMC11368112_01,18,22,fungal,2166,2172,fungal,fungal
PMC11368112_01,18,23,infection,2173,2182,infection,infection
PMC11368112_01,18,24,;,2182,2183,;,;
PMC11368112_01,18,25,however,2184,2191,however,however
PMC11368112_01,18,26,",",2191,2192,",",","
PMC11368112_01,18,27,a,2193,2194,a,a
PMC11368112_01,18,28,definitive,2195,2205,definitive,definitive
PMC11368112_01,18,29,diagnosis,2206,2215,diagnosis,diagnosis
PMC11368112_01,18,30,was,2216,2219,was,was
PMC11368112_01,18,31,not,2220,2223,not,not
PMC11368112_01,18,32,reached,2224,2231,reached,reached
PMC11368112_01,18,33,.,2231,2232,.,.
PMC11368112_01,19,1,Physical,2233,2241,Physical,physical
PMC11368112_01,19,2,examination,2242,2253,examination,examination
PMC11368112_01,19,3,revealed,2254,2262,revealed,revealed
PMC11368112_01,19,4,multiple,2263,2271,multiple,multiple
PMC11368112_01,19,5,ulcers,2272,2278,ulcers,ulcers
PMC11368112_01,19,6,(,2279,2280,(,(
PMC11368112_01,19,7,0.2-0.8,2280,2287,0.2-0.8,0.2-0.8
PMC11368112_01,19,8,cm,2288,2290,cm,cm
PMC11368112_01,19,9,in,2291,2293,in,in
PMC11368112_01,19,10,diameter,2294,2302,diameter,diameter
PMC11368112_01,19,11,),2302,2303,),)
PMC11368112_01,19,12,on,2304,2306,on,on
PMC11368112_01,19,13,the,2307,2310,the,the
PMC11368112_01,19,14,patient's,2311,2320,patient's,patient's
PMC11368112_01,19,15,bilateral,2321,2330,bilateral,bilateral
PMC11368112_01,19,16,lower,2331,2336,lower,lower
PMC11368112_01,19,17,extremities,2337,2348,extremities,extremities
PMC11368112_01,19,18,",",2348,2349,",",","
PMC11368112_01,19,19,groin,2350,2355,groin,groin
PMC11368112_01,19,20,",",2355,2356,",",","
PMC11368112_01,19,21,and,2357,2360,and,and
PMC11368112_01,19,22,scrotum,2361,2368,scrotum,scrotum
PMC11368112_01,19,23,",",2368,2369,",",","
PMC11368112_01,19,24,along,2370,2375,along,along
PMC11368112_01,19,25,with,2376,2380,with,with
PMC11368112_01,19,26,scattered,2381,2390,scattered,scattered
PMC11368112_01,19,27,old,2391,2394,old,old
PMC11368112_01,19,28,rashes,2395,2401,rashes,rashes
PMC11368112_01,19,29,.,2401,2402,.,.
PMC11368112_01,20,1,Examination,2403,2414,Examination,examination
PMC11368112_01,20,2,of,2415,2417,of,of
PMC11368112_01,20,3,the,2418,2421,the,the
PMC11368112_01,20,4,oropharynx,2422,2432,oropharynx,oropharynx
PMC11368112_01,20,5,indicated,2433,2442,indicated,indicated
PMC11368112_01,20,6,multiple,2443,2451,multiple,multiple
PMC11368112_01,20,7,ulcers,2452,2458,ulcers,ulcers
PMC11368112_01,20,8,on,2459,2461,on,on
PMC11368112_01,20,9,the,2462,2465,the,the
PMC11368112_01,20,10,tongue,2466,2472,tongue,tongue
PMC11368112_01,20,11,and,2473,2476,and,and
PMC11368112_01,20,12,labium,2477,2483,labium,labium
PMC11368112_01,20,13,.,2483,2484,.,.
PMC11368112_01,21,1,On,2486,2488,On,on
PMC11368112_01,21,2,the,2489,2492,the,the
PMC11368112_01,21,3,7th,2493,2496,7th,7th
PMC11368112_01,21,4,day,2497,2500,day,day
PMC11368112_01,21,5,of,2501,2503,of,of
PMC11368112_01,21,6,hospitalization,2504,2519,hospitalization,hospitalization
PMC11368112_01,21,7,",",2519,2520,",",","
PMC11368112_01,21,8,the,2521,2524,the,the
PMC11368112_01,21,9,patient,2525,2532,patient,patient
PMC11368112_01,21,10,underwent,2533,2542,underwent,underwent
PMC11368112_01,21,11,a,2543,2544,a,a
PMC11368112_01,21,12,skin,2545,2549,skin,skin
PMC11368112_01,21,13,biopsy,2550,2556,biopsy,biopsy
PMC11368112_01,21,14,",",2556,2557,",",","
PMC11368112_01,21,15,which,2558,2563,which,which
PMC11368112_01,21,16,revealed,2564,2572,revealed,revealed
PMC11368112_01,21,17,epidermal,2573,2582,epidermal,epidermal
PMC11368112_01,21,18,ulceration,2583,2593,ulceration,ulceration
PMC11368112_01,21,19,with,2594,2598,with,with
PMC11368112_01,21,20,lipofuscinosis,2599,2613,lipofuscinosis,lipofuscinosis
PMC11368112_01,21,21,(,2614,2615,(,(
PMC11368112_01,21,22,Figure,2615,2621,Figure,figure
PMC11368112_01,21,23,2c,2622,2624,2c,2c
PMC11368112_01,21,24,),2624,2625,),)
PMC11368112_01,21,25,.,2625,2626,.,.
PMC11368112_01,22,1,BD,2627,2629,BD,bd
PMC11368112_01,22,2,was,2630,2633,was,was
PMC11368112_01,22,3,diagnosed,2634,2643,diagnosed,diagnosed
PMC11368112_01,22,4,after,2644,2649,after,after
PMC11368112_01,22,5,a,2650,2651,a,a
PMC11368112_01,22,6,multidisciplinary,2652,2669,multidisciplinary,multidisciplinary
PMC11368112_01,22,7,discussion,2670,2680,discussion,discussion
PMC11368112_01,22,8,involving,2681,2690,involving,involving
PMC11368112_01,22,9,rheumatology,2691,2703,rheumatology,rheumatology
PMC11368112_01,22,10,",",2703,2704,",",","
PMC11368112_01,22,11,cardiac,2705,2712,cardiac,cardiac
PMC11368112_01,22,12,microvascular,2713,2726,microvascular,microvascular
PMC11368112_01,22,13,surgery,2727,2734,surgery,surgery
PMC11368112_01,22,14,",",2734,2735,",",","
PMC11368112_01,22,15,pathology,2736,2745,pathology,pathology
PMC11368112_01,22,16,",",2745,2746,",",","
PMC11368112_01,22,17,dermatology,2747,2758,dermatology,dermatology
PMC11368112_01,22,18,",",2758,2759,",",","
PMC11368112_01,22,19,vascular,2760,2768,vascular,vascular
PMC11368112_01,22,20,surgery,2769,2776,surgery,surgery
PMC11368112_01,22,21,",",2776,2777,",",","
PMC11368112_01,22,22,and,2778,2781,and,and
PMC11368112_01,22,23,ultrasonography,2782,2797,ultrasonography,ultrasonography
PMC11368112_01,22,24,",",2797,2798,",",","
PMC11368112_01,22,25,based,2799,2804,based,based
PMC11368112_01,22,26,on,2805,2807,on,on
PMC11368112_01,22,27,the,2808,2811,the,the
PMC11368112_01,22,28,International,2812,2825,International,international
PMC11368112_01,22,29,Criteria,2826,2834,Criteria,criteria
PMC11368112_01,22,30,for,2835,2838,for,for
PMC11368112_01,22,31,Behcet's,2839,2847,Behcet's,behcet's
PMC11368112_01,22,32,Disease,2848,2855,Disease,disease
PMC11368112_01,22,33,(,2856,2857,(,(
PMC11368112_01,22,34,ICBD,2857,2861,ICBD,icbd
PMC11368112_01,22,35,),2861,2862,),)
PMC11368112_01,22,36,.,2862,2863,.,.
PMC11368112_01,23,1,After,2864,2869,After,after
PMC11368112_01,23,2,multidisciplinary,2870,2887,multidisciplinary,multidisciplinary
PMC11368112_01,23,3,consultation,2888,2900,consultation,consultation
PMC11368112_01,23,4,",",2900,2901,",",","
PMC11368112_01,23,5,a,2902,2903,a,a
PMC11368112_01,23,6,treatment,2904,2913,treatment,treatment
PMC11368112_01,23,7,plan,2914,2918,plan,plan
PMC11368112_01,23,8,was,2919,2922,was,was
PMC11368112_01,23,9,initiated,2923,2932,initiated,initiated
PMC11368112_01,23,10,",",2932,2933,",",","
PMC11368112_01,23,11,including,2934,2943,including,including
PMC11368112_01,23,12,methylprednisolone,2944,2962,methylprednisolone,methylprednisolone
PMC11368112_01,23,13,at,2963,2965,at,at
PMC11368112_01,23,14,80,2966,2968,80,80
PMC11368112_01,23,15,mg,2969,2971,mg,mg
PMC11368112_01,23,16,per,2972,2975,per,per
PMC11368112_01,23,17,day,2976,2979,day,day
PMC11368112_01,23,18,for,2980,2983,for,for
PMC11368112_01,23,19,two,2984,2987,two,two
PMC11368112_01,23,20,weeks,2988,2993,weeks,weeks
PMC11368112_01,23,21,",",2993,2994,",",","
PMC11368112_01,23,22,with,2995,2999,with,with
PMC11368112_01,23,23,60,3000,3002,60,60
PMC11368112_01,23,24,mg,3003,3005,mg,mg
PMC11368112_01,23,25,per,3006,3009,per,per
PMC11368112_01,23,26,day,3010,3013,day,day
PMC11368112_01,23,27,for,3014,3017,for,for
PMC11368112_01,23,28,three,3018,3023,three,three
PMC11368112_01,23,29,months,3024,3030,months,months
PMC11368112_01,23,30,(,3031,3032,(,(
PMC11368112_01,23,31,reduced,3032,3039,reduced,reduced
PMC11368112_01,23,32,by,3040,3042,by,by
PMC11368112_01,23,33,5,3043,3044,5,5
PMC11368112_01,23,34,mg,3045,3047,mg,mg
PMC11368112_01,23,35,weekly,3048,3054,weekly,weekly
PMC11368112_01,23,36,to,3055,3057,to,to
PMC11368112_01,23,37,reach,3058,3063,reach,reach
PMC11368112_01,23,38,5,3064,3065,5,5
PMC11368112_01,23,39,mg,3066,3068,mg,mg
PMC11368112_01,23,40,daily,3069,3074,daily,daily
PMC11368112_01,23,41,),3074,3075,),)
PMC11368112_01,23,42,",",3075,3076,",",","
PMC11368112_01,23,43,cyclosporine,3077,3089,cyclosporine,cyclosporine
PMC11368112_01,23,44,at,3090,3092,at,at
PMC11368112_01,23,45,200,3093,3096,200,200
PMC11368112_01,23,46,mg,3097,3099,mg,mg
PMC11368112_01,23,47,per,3100,3103,per,per
PMC11368112_01,23,48,day,3104,3107,day,day
PMC11368112_01,23,49,",",3107,3108,",",","
PMC11368112_01,23,50,and,3109,3112,and,and
PMC11368112_01,23,51,warfarin,3113,3121,warfarin,warfarin
PMC11368112_01,23,52,to,3122,3124,to,to
PMC11368112_01,23,53,maintain,3125,3133,maintain,maintain
PMC11368112_01,23,54,a,3134,3135,a,a
PMC11368112_01,23,55,target,3136,3142,target,target
PMC11368112_01,23,56,international,3143,3156,international,international
PMC11368112_01,23,57,normalized,3157,3167,normalized,normalized
PMC11368112_01,23,58,ratio,3168,3173,ratio,ratio
PMC11368112_01,23,59,of,3174,3176,of,of
PMC11368112_01,23,60,2.0-3.0,3177,3184,2.0-3.0,2.0-3.0
PMC11368112_01,23,61,.,3184,3185,.,.
PMC11368112_01,24,1,The,3186,3189,The,the
PMC11368112_01,24,2,patient's,3190,3199,patient's,patient's
PMC11368112_01,24,3,temperature,3200,3211,temperature,temperature
PMC11368112_01,24,4,normalized,3212,3222,normalized,normalized
PMC11368112_01,24,5,rapidly,3223,3230,rapidly,rapidly
PMC11368112_01,24,6,after,3231,3236,after,after
PMC11368112_01,24,7,starting,3237,3245,starting,starting
PMC11368112_01,24,8,treatment,3246,3255,treatment,treatment
PMC11368112_01,24,9,",",3255,3256,",",","
PMC11368112_01,24,10,with,3257,3261,with,with
PMC11368112_01,24,11,ESR,3262,3265,ESR,esr
PMC11368112_01,24,12,and,3266,3269,and,and
PMC11368112_01,24,13,CRP,3270,3273,CRP,crp
PMC11368112_01,24,14,levels,3274,3280,levels,levels
PMC11368112_01,24,15,returning,3281,3290,returning,returning
PMC11368112_01,24,16,to,3291,3293,to,to
PMC11368112_01,24,17,the,3294,3297,the,the
PMC11368112_01,24,18,normal,3298,3304,normal,normal
PMC11368112_01,24,19,range,3305,3310,range,range
PMC11368112_01,24,20,.,3310,3311,.,.
PMC11368112_01,25,1,He,3312,3314,He,he
PMC11368112_01,25,2,was,3315,3318,was,was
PMC11368112_01,25,3,discharged,3319,3329,discharged,discharged
PMC11368112_01,25,4,14,3330,3332,14,14
PMC11368112_01,25,5,days,3333,3337,days,days
PMC11368112_01,25,6,after,3338,3343,after,after
PMC11368112_01,25,7,admission,3344,3353,admission,admission
PMC11368112_01,25,8,without,3354,3361,without,without
PMC11368112_01,25,9,significant,3362,3373,significant,significant
PMC11368112_01,25,10,adverse,3374,3381,adverse,adverse
PMC11368112_01,25,11,reactions,3382,3391,reactions,reactions
PMC11368112_01,25,12,.,3391,3392,.,.
PMC11368112_01,26,1,Two,3393,3396,Two,two
PMC11368112_01,26,2,weeks,3397,3402,weeks,weeks
PMC11368112_01,26,3,post-treatment,3403,3417,post-treatment,post-treatment
PMC11368112_01,26,4,",",3417,3418,",",","
PMC11368112_01,26,5,pulmonary,3419,3428,pulmonary,pulmonary
PMC11368112_01,26,6,artery,3429,3435,artery,artery
PMC11368112_01,26,7,CTA,3436,3439,CTA,cta
PMC11368112_01,26,8,indicated,3440,3449,indicated,indicated
PMC11368112_01,26,9,the,3450,3453,the,the
PMC11368112_01,26,10,disappearance,3454,3467,disappearance,disappearance
PMC11368112_01,26,11,of,3468,3470,of,of
PMC11368112_01,26,12,emboli,3471,3477,emboli,emboli
PMC11368112_01,26,13,in,3478,3480,in,in
PMC11368112_01,26,14,the,3481,3484,the,the
PMC11368112_01,26,15,right,3485,3490,right,right
PMC11368112_01,26,16,lower,3491,3496,lower,lower
PMC11368112_01,26,17,pulmonary,3497,3506,pulmonary,pulmonary
PMC11368112_01,26,18,branch,3507,3513,branch,branch
PMC11368112_01,26,19,and,3514,3517,and,and
PMC11368112_01,26,20,a,3518,3519,a,a
PMC11368112_01,26,21,reduction,3520,3529,reduction,reduction
PMC11368112_01,26,22,in,3530,3532,in,in
PMC11368112_01,26,23,the,3533,3536,the,the
PMC11368112_01,26,24,size,3537,3541,size,size
PMC11368112_01,26,25,of,3542,3544,of,of
PMC11368112_01,26,26,emboli,3545,3551,emboli,emboli
PMC11368112_01,26,27,in,3552,3554,in,in
PMC11368112_01,26,28,the,3555,3558,the,the
PMC11368112_01,26,29,left,3559,3563,left,left
PMC11368112_01,26,30,lower,3564,3569,lower,lower
PMC11368112_01,26,31,pulmonary,3570,3579,pulmonary,pulmonary
PMC11368112_01,26,32,branch,3580,3586,branch,branch
PMC11368112_01,26,33,(,3587,3588,(,(
PMC11368112_01,26,34,Figure,3588,3594,Figure,figure
PMC11368112_01,26,35,1c,3595,3597,1c,1c
PMC11368112_01,26,36,and,3598,3601,and,and
PMC11368112_01,26,37,d,3602,3603,d,d
PMC11368112_01,26,38,),3603,3604,),)
PMC11368112_01,26,39,.,3604,3605,.,.
PMC11368112_01,27,1,The,3606,3609,The,the
PMC11368112_01,27,2,patient,3610,3617,patient,patient
PMC11368112_01,27,3,remained,3618,3626,remained,remained
PMC11368112_01,27,4,in,3627,3629,in,in
PMC11368112_01,27,5,remission,3630,3639,remission,remission
PMC11368112_01,27,6,during,3640,3646,during,during
PMC11368112_01,27,7,nine,3647,3651,nine,nine
PMC11368112_01,27,8,months,3652,3658,months,months
PMC11368112_01,27,9,of,3659,3661,of,of
PMC11368112_01,27,10,follow-up,3662,3671,follow-up,follow-up
PMC11368112_01,27,11,",",3671,3672,",",","
PMC11368112_01,27,12,with,3673,3677,with,with
PMC11368112_01,27,13,regular,3678,3685,regular,regular
PMC11368112_01,27,14,adjustments,3686,3697,adjustments,adjustments
PMC11368112_01,27,15,to,3698,3700,to,to
PMC11368112_01,27,16,his,3701,3704,his,his
PMC11368112_01,27,17,medication,3705,3715,medication,medication
PMC11368112_01,27,18,by,3716,3718,by,by
PMC11368112_01,27,19,rheumatology,3719,3731,rheumatology,rheumatology
PMC11368112_01,27,20,.,3731,3732,.,.
